--
-- PostgreSQL database dump
--

\restrict 9EHyKiBXFEptiHZkYCRJH6FipNMt0GwebARBA2paFmukrKPW125Ol54N53vQgjC

-- Dumped from database version 16.10 (Debian 16.10-1.pgdg13+1)
-- Dumped by pg_dump version 16.10 (Debian 16.10-1.pgdg13+1)

SET statement_timeout = 0;
SET lock_timeout = 0;
SET idle_in_transaction_session_timeout = 0;
SET client_encoding = 'UTF8';
SET standard_conforming_strings = on;
SELECT pg_catalog.set_config('search_path', '', false);
SET check_function_bodies = false;
SET xmloption = content;
SET client_min_messages = warning;
SET row_security = off;

SET default_tablespace = '';

SET default_table_access_method = heap;

--
-- Name: AnimeGenres; Type: TABLE; Schema: public; Owner: postgres
--

CREATE TABLE public."AnimeGenres" (
    "AnimeId" integer NOT NULL,
    "GenreId" integer NOT NULL
);


ALTER TABLE public."AnimeGenres" OWNER TO postgres;

--
-- Name: AnimeRelateds; Type: TABLE; Schema: public; Owner: postgres
--

CREATE TABLE public."AnimeRelateds" (
    "AnimeId" integer NOT NULL,
    "RelatedAnimeId" integer NOT NULL,
    "Type" integer NOT NULL
);


ALTER TABLE public."AnimeRelateds" OWNER TO postgres;

--
-- Name: AnimeTitles; Type: TABLE; Schema: public; Owner: postgres
--

CREATE TABLE public."AnimeTitles" (
    "Id" integer NOT NULL,
    "AnimeId" integer NOT NULL,
    "Value" character varying(200) NOT NULL,
    "Language" integer NOT NULL,
    "Type" integer NOT NULL
);


ALTER TABLE public."AnimeTitles" OWNER TO postgres;

--
-- Name: AnimeTitles_Id_seq; Type: SEQUENCE; Schema: public; Owner: postgres
--

ALTER TABLE public."AnimeTitles" ALTER COLUMN "Id" ADD GENERATED BY DEFAULT AS IDENTITY (
    SEQUENCE NAME public."AnimeTitles_Id_seq"
    START WITH 1
    INCREMENT BY 1
    NO MINVALUE
    NO MAXVALUE
    CACHE 1
);


--
-- Name: Animes; Type: TABLE; Schema: public; Owner: postgres
--

CREATE TABLE public."Animes" (
    "Id" integer NOT NULL,
    "AiredOn" timestamp with time zone,
    "ReleasedOn" timestamp with time zone,
    "Score" double precision NOT NULL,
    "Episodes" integer NOT NULL,
    "EpisodesAired" integer NOT NULL,
    "Duration" integer NOT NULL,
    "Season" integer NOT NULL,
    "Year" integer NOT NULL,
    "Rating" integer NOT NULL,
    "Kind" integer NOT NULL,
    "Status" integer NOT NULL,
    "Description" character varying(2000) NOT NULL,
    "PosterFileName" character varying(200),
    "ScreenshotsFileName" text[],
    "Url" character varying(200) NOT NULL,
    "StudiosId" integer,
    "TotalScores" integer DEFAULT 0 NOT NULL
);


ALTER TABLE public."Animes" OWNER TO postgres;

--
-- Name: Animes_Id_seq; Type: SEQUENCE; Schema: public; Owner: postgres
--

ALTER TABLE public."Animes" ALTER COLUMN "Id" ADD GENERATED BY DEFAULT AS IDENTITY (
    SEQUENCE NAME public."Animes_Id_seq"
    START WITH 1
    INCREMENT BY 1
    NO MINVALUE
    NO MAXVALUE
    CACHE 1
);


--
-- Name: Genres; Type: TABLE; Schema: public; Owner: postgres
--

CREATE TABLE public."Genres" (
    "Id" integer NOT NULL,
    "NameEn" character varying(100) NOT NULL,
    "NameUa" character varying(100),
    "NameRu" character varying(100)
);


ALTER TABLE public."Genres" OWNER TO postgres;

--
-- Name: Genres_Id_seq; Type: SEQUENCE; Schema: public; Owner: postgres
--

ALTER TABLE public."Genres" ALTER COLUMN "Id" ADD GENERATED BY DEFAULT AS IDENTITY (
    SEQUENCE NAME public."Genres_Id_seq"
    START WITH 1
    INCREMENT BY 1
    NO MINVALUE
    NO MAXVALUE
    CACHE 1
);


--
-- Name: Studios; Type: TABLE; Schema: public; Owner: postgres
--

CREATE TABLE public."Studios" (
    "Id" integer NOT NULL,
    "Name" character varying(150) NOT NULL,
    "Description" character varying(2000) NOT NULL,
    "PosterFileName" character varying(200)
);


ALTER TABLE public."Studios" OWNER TO postgres;

--
-- Name: Studios_Id_seq; Type: SEQUENCE; Schema: public; Owner: postgres
--

ALTER TABLE public."Studios" ALTER COLUMN "Id" ADD GENERATED BY DEFAULT AS IDENTITY (
    SEQUENCE NAME public."Studios_Id_seq"
    START WITH 1
    INCREMENT BY 1
    NO MINVALUE
    NO MAXVALUE
    CACHE 1
);


--
-- Name: UserAnimes; Type: TABLE; Schema: public; Owner: postgres
--

CREATE TABLE public."UserAnimes" (
    "UserId" integer NOT NULL,
    "AnimeId" integer NOT NULL,
    "MyList" integer NOT NULL,
    "Rating" smallint,
    "UpdatedAt" timestamp with time zone NOT NULL
);


ALTER TABLE public."UserAnimes" OWNER TO postgres;

--
-- Name: Users; Type: TABLE; Schema: public; Owner: postgres
--

CREATE TABLE public."Users" (
    "Id" integer NOT NULL,
    "Nickname" character varying(50) NOT NULL,
    "Email" character varying(100) NOT NULL,
    "PasswordHash" character varying(200) NOT NULL,
    "Role" integer NOT NULL,
    "AvatarFileName" character varying(200),
    "DateOfRegistration" timestamp with time zone NOT NULL,
    "Theme" integer NOT NULL
);


ALTER TABLE public."Users" OWNER TO postgres;

--
-- Name: Users_Id_seq; Type: SEQUENCE; Schema: public; Owner: postgres
--

ALTER TABLE public."Users" ALTER COLUMN "Id" ADD GENERATED BY DEFAULT AS IDENTITY (
    SEQUENCE NAME public."Users_Id_seq"
    START WITH 1
    INCREMENT BY 1
    NO MINVALUE
    NO MAXVALUE
    CACHE 1
);


--
-- Name: __EFMigrationsHistory; Type: TABLE; Schema: public; Owner: postgres
--

CREATE TABLE public."__EFMigrationsHistory" (
    "MigrationId" character varying(150) NOT NULL,
    "ProductVersion" character varying(32) NOT NULL
);


ALTER TABLE public."__EFMigrationsHistory" OWNER TO postgres;

--
-- Data for Name: AnimeGenres; Type: TABLE DATA; Schema: public; Owner: postgres
--

COPY public."AnimeGenres" ("AnimeId", "GenreId") FROM stdin;
1	7
1	10
1	12
4	7
4	10
4	12
5	4
5	7
5	10
5	29
5	31
5	33
5	36
5	38
6	4
6	10
6	29
6	31
6	33
6	36
6	38
7	4
7	7
7	10
7	29
7	31
7	33
7	36
8	4
8	7
8	10
8	29
8	31
8	33
8	36
9	4
9	7
9	10
9	29
9	31
9	33
9	36
9	38
10	7
10	10
10	29
10	31
10	33
10	36
10	38
11	4
11	7
11	10
11	29
11	31
11	33
11	36
11	38
12	4
12	10
12	29
12	33
12	38
13	28
13	36
13	38
15	1
15	2
15	3
15	4
15	6
7	22
7	23
15	24
15	36
16	2
16	4
16	9
16	10
16	13
16	31
16	34
16	35
17	10
17	29
17	31
17	36
17	38
18	10
18	27
18	34
18	36
18	38
19	7
19	10
19	11
19	29
19	37
20	7
20	10
20	11
20	24
20	29
20	37
21	14
21	24
21	25
21	32
21	37
22	14
22	24
22	25
22	32
22	37
23	14
23	23
23	29
23	35
24	14
24	23
24	29
24	35
25	6
25	27
25	29
25	34
25	36
25	37
25	38
26	27
26	29
26	36
26	37
26	38
26	6
27	6
27	27
27	29
27	36
27	37
27	38
28	6
28	12
28	27
28	29
28	36
28	38
29	6
29	12
29	27
29	29
29	36
29	38
30	6
30	12
30	27
30	29
30	36
30	38
31	6
31	12
31	29
31	36
31	38
32	9
32	15
32	37
32	39
32	41
\.


--
-- Data for Name: AnimeRelateds; Type: TABLE DATA; Schema: public; Owner: postgres
--

COPY public."AnimeRelateds" ("AnimeId", "RelatedAnimeId", "Type") FROM stdin;
1	4	7
4	1	8
5	6	8
6	5	7
6	8	8
8	6	7
8	9	8
9	8	7
9	10	8
10	9	7
10	11	8
11	10	7
11	12	8
12	11	7
7	15	5
15	7	6
7	16	8
15	16	7
16	7	7
16	15	8
19	20	8
20	19	7
5	17	10
5	18	10
17	5	6
18	5	6
21	22	8
22	21	7
23	24	8
24	23	7
25	26	7
26	25	8
25	27	8
27	25	7
28	29	8
29	28	7
29	30	8
30	29	7
30	31	8
31	30	7
5	13	9
13	5	4
15	32	7
32	15	8
\.


--
-- Data for Name: AnimeTitles; Type: TABLE DATA; Schema: public; Owner: postgres
--

COPY public."AnimeTitles" ("Id", "AnimeId", "Value", "Language", "Type") FROM stdin;
227	6	Shingeki no Kyojin Season 2	0	1
228	6	Attack on Titan Season 2	1	1
229	6	進撃の巨人 Season2	2	1
230	6	Атака титанів 2	3	1
231	6	Вторгнення гігантів 2	3	2
642	23	Dr. Stone	0	1
643	23	Dr. Stone	1	1
242	8	Shingeki no Kyojin Season 3	0	1
243	8	Attack on Titan Season 3	1	1
244	8	進撃の巨人 Season3	2	1
245	8	Атака титанів 3	3	1
246	8	Вторгнення гігантів 3	3	2
644	23	ドクターストーン	2	1
645	23	Доктор Стоун	3	1
202	1	薬屋のひとりごと 第2期	2	1
203	1	Монолог травниці 2	3	1
204	1	The Apothecary Diaries Season 2	1	1
205	1	Kusuriya no Hitorigoto 2nd Season	0	1
206	1	Монолог фармацевта 2	3	3
666	27	Jujutsu Kaisen 2nd Season	0	1
667	27	Jujutsu Kaisen Season 2	1	1
668	27	呪術廻戦 懐玉・玉折／渋谷事変	2	1
669	27	Магічна битва 2	3	1
670	25	Jujutsu Kaisen 	0	1
671	25	Jujutsu Kaisen	1	1
672	25	呪術廻戦	2	1
558	15	Anime-test	0	1
559	15	Тестове аніме	3	1
673	25	Магічна битва	3	1
57	4	Kusuriya no Hitorigoto	0	1
58	4	The Apothecary Diaries	1	1
59	4	薬屋のひとりごと	2	1
60	4	Монолог травниці	3	1
61	4	Монолог фармацевта	3	3
574	7	Shingeki no Kyojin Season 3	0	1
575	7	進撃の巨人 Season3	2	1
576	7	Вторгнення гігантів 3	3	2
577	7	Атака титанів - ТЕСТ	3	1
578	7	Attack on Titan Season 3	1	1
581	16	Tesove anime 2	0	1
582	16	Тестове аніме 2	3	1
284	9	Shingeki no Kyojin Season 3 Part 2	0	1
285	9	Attack on Titan Season 3 Part 2	1	1
286	9	進撃の巨人 Season3 Part.2	2	1
287	9	Атака титанів 3. Частина 2	3	1
288	9	Вторгнення гігантів 3. Частина 2	3	2
289	11	Shingeki no Kyojin: The Final Season Part 2	0	1
290	11	Attack on Titan: Final Season Part 2	1	1
291	11	進撃の巨人 The Final Season Part 2	2	1
292	11	Атака титанів: Фінал. Частина 2	3	1
293	11	Вторгнення гігантів: Фінал. Частина 2	3	2
294	12	Shingeki no Kyojin: The Final Season - Kanketsu-hen	0	1
295	12	Attack on Titan: Final Season - The Final Chapters	1	1
296	12	進撃の巨人 The Final Season完結編	2	1
297	12	Атака титанів: Фінал — Заключний розділ	3	1
298	12	Вторгнення гігантів: Фінал — Заключний розділ	3	2
299	10	Shingeki no Kyojin: The Final Season	0	1
300	10	Attack on Titan: Final Season	1	1
301	10	進撃の巨人 The Final Season	2	1
302	10	Атака титанів: Фінал	3	1
303	10	Атака титанів: Останній сезон	3	2
304	10	Вторгнення гігантів: Фінал	3	2
583	17	Shingeki no Kyojin OVA	0	1
584	17	Attack on Titan OAD	1	1
585	17	進撃の巨人ＯＡＤ	2	1
586	17	Вторгнення гігантів OVA	3	2
587	17	Вторгнення гігантів: Щоденник Ільзе	3	2
588	17	Атака титанів: Щоденник Ільзе	3	2
589	17	Атака титанів OVA	3	1
598	20	Kakegurui××	0	1
599	20	賭ケグルイ××	2	1
600	20	Безумний азарт 2	3	1
601	19	Kakegurui	0	1
602	19	賭ケグルイ	2	1
603	19	Безумний азарт	3	1
604	5	Shingeki no Kyojin	0	1
605	5	Attack on Titan	1	1
606	5	進撃の巨人	2	1
607	5	Атакат титанів	3	1
608	5	Вторження титанів	3	2
609	18	Shingeki no Kyojin: Lost Girls	0	1
610	18	Attack on Titan: Lost Girls	1	1
611	18	進撃の巨人 LOST GIRLS	2	1
612	18	Атака титанів: Загублені дівчата	3	1
613	18	Вторгнення гігантів: Втрачені дівчата	3	2
633	21	Kaguya-sama wa Kokurasetai: Tensai-tachi no Renai Zunousen	0	1
634	21	Kaguya-sama: Love is War	1	1
635	21	かぐや様は告らせたい～天才たちの恋愛頭脳戦～	2	1
636	21	Пані Кагуя: у коханні як на війні	3	1
637	21	Кагуя хоче, щоб їй зізналися: Генії - Війна любові та розуму	3	2
646	24	Dr. Stone: Stone Wars	0	1
647	24	Dr. Stone: Stone Wars	1	1
648	24	Доктор Стоун: Кам'яні війни	3	1
649	24	ドクターストーン STONE WARS	2	1
662	26	Jujutsu Kaisen 0 Movie	0	1
663	26	Jujutsu Kaisen 0	1	1
664	26	劇場版 呪術廻戦 0	2	1
665	26	Магічна битва 0. Фільм	3	1
684	28	Kimetsu no Yaiba	0	1
685	28	Demon Slayer: Kimetsu no Yaiba	1	1
686	28	鬼滅の刃	2	1
687	28	Клинок, що розсікає демонів	3	1
688	28	Винищувач демонів	3	2
689	29	Kimetsu no Yaiba Movie: Mugen Ressha-hen	0	1
690	29	Demon Slayer: Kimetsu no Yaiba - The Movie: Mugen Train	1	1
691	29	劇場版 鬼滅の刃 無限列車編	2	1
692	29	Клинок, що розсікає демонів: Нескінченний потяг	3	1
693	29	Винищувач демонів: Потяг «Нескінченний»	3	2
699	31	Kimetsu no Yaiba: Katanakaji no Sato-hen	0	1
700	31	Demon Slayer: Kimetsu no Yaiba Swordsmith Village Arc	1	1
701	31	鬼滅の刃 刀鍛冶の里編	2	1
702	31	Клинок, що розсікає демонів: Село ковалів	3	1
703	31	Винищувач демонів: Село ковалів	3	2
704	30	Kimetsu no Yaiba: Yuukaku-hen	0	1
705	30	Demon Slayer: Kimetsu no Yaiba Entertainment District Arc	1	1
706	30	鬼滅の刃 遊郭編	2	1
707	30	Клинок, що розсікає демонів: Квартал червоних ліхтарів	3	1
708	30	Винищувач демонів: Квартал червоних ліхтарів	3	2
709	13	Shingeki no Kyojin: Kuinaki Sentaku	0	1
710	13	Attack on Titan: No Regrets	1	1
711	13	進撃の巨人 悔いなき選択	2	1
712	13	Атака титанів: Вибір без жалю	3	1
713	13	Вторгнення гігантів: Вибір без жалю	3	2
716	32	Testove anime	0	1
717	32	Тестове аніме	3	1
718	22	Kaguya-sama wa Kokurasetai?: Tensai-tachi no Renai Zunousen	0	1
719	22	Kaguya-sama: Love is War?	1	1
720	22	かぐや様は告らせたい？～天才たちの恋愛頭脳戦～	2	1
721	22	Кагуя хоче, щоб їй зізналися: Генії - Війна любові і розуму.	3	2
722	22	Пані Кагуя: у коханні як на війні 2	3	1
\.


--
-- Data for Name: Animes; Type: TABLE DATA; Schema: public; Owner: postgres
--

COPY public."Animes" ("Id", "AiredOn", "ReleasedOn", "Score", "Episodes", "EpisodesAired", "Duration", "Season", "Year", "Rating", "Kind", "Status", "Description", "PosterFileName", "ScreenshotsFileName", "Url", "StudiosId", "TotalScores") FROM stdin;
1	2025-01-10 00:00:00+00	2025-07-04 00:00:00+00	9.6	24	24	24	1	2025	3	1	3	Продовження розповіді про Мао.	anime-posters/69b0652b-9a93-4c24-9c2a-abcc6d9c186c_monolog2.jpg	{anime-screenshots/7a1bebaa-522b-4bfb-a2f2-cf60f1cb67dd_monolog2screen1.jpg,anime-screenshots/af56a382-3512-4e99-9e66-b86b731bff87_monolog2screen2.jpg,anime-screenshots/0b34c291-1f94-46f4-9efd-b9702d72e92e_monolog2screen3.jpg}	kusuriya-no-hitorigoto-2nd-season-1	2	0
4	2023-01-23 00:00:00+00	2024-03-24 00:00:00+00	9.4	24	24	22	1	2023	3	1	3	Мила Маомао потрапила до рабства. Після викрадення дівчина отямилася в імператорському палаці, де тепер працює цілий день. Нова служниця не втратила оптимізму, вирішивши, що її шлях на свободу лежить через чесну та якісну працю. Напускна ввічливість та скромність добре маскують ексцентричний характер. Маомао швидко вчиться слухати, а не казати. Однак схильна до дії натура виходить з-під контролю, коли дівчина дізнається про хворобу імператорських нащадків, адже вона має таємні знання у фармацевтиці і може допомогти. Щоб довго не порозумітися з розпорядником, Маомао потай приступає до лікування.\n\nЗвичайно, її необдумані дії помічені. Чи не вважатимуть дівчину шпигуном-отруєчем? Міцне здоров'я спадкоємців руйнує подібне припущення, а Маомао потрапляє до числа обраних, близьких до імператора. Юна задерикувата дівчина під особистим покровительством імператора змусить прокинутися всіх у палаці. Навіть міністрам тепер не буде спокою.	anime-posters/40db2077-2716-443f-aca0-7f7a40740d42_monolog1.jpg	{anime-screenshots/81dca1ed-5caf-4b05-b625-7c713b45ebb4_6534ec542ccfa445524286.jpg,anime-screenshots/b84ce7d8-7858-4748-ae22-341dc935aa4a_6534ec542d9bf449912226.jpg,anime-screenshots/f22fe655-fa55-4176-83d8-949ab36af118_6534ec542e1b7619711217.jpg}	kusuriya-no-hitorigoto-4	2	0
5	2013-04-07 00:00:00+00	2013-08-29 00:00:00+00	9.4	25	25	24	2	2013	5	1	3	У минулому столітті людство страждало через нашестя гігантів. Вони були дуже схожі на простих людей, але також мали кілька відмінностей. Різниця полягала в надто великих розмірах створінь та в їхній абсолютній дурості. Діяли велетні, як зомбі із банальних фільмів жахів. Вони не могли похвалитися розумом та повністю відповідали своєму первісному інстинкту, пов'язаному з виживанням. Тому ці істоти невпинно пожирали беззахисне населення, зовсім не відчуваючи його жалю. Під натиском божевілля, що запанувало, жителі планети почали поступово вимирати. Ті, кому пощастило залишитися живими, вирішили об'єднатися і приступити до самозахисту.\n\nНарод незабаром збудував високі стіни, які відрізнялися разючою міцністю. Практично ціле століття люди спокійно існували і навіть почали забувати про нещадних ворогів. Страх нарешті змінився умиротворенням. Ерен давно бажає вступити до групи розвідників, адже вважає, що противники можуть повернутися і проломити загородження. І невдовзі його побоювання підтверджуються. Чи зможе молодий герой упоратися з могутніми суперниками?	anime-posters/b78bb84a-1e0a-459e-b2d2-ab059249950d_4f765ca6-fd10-4216-aec3-0271c8563c3e.jpg	{anime-screenshots/d27ac087-45ed-46b8-be2e-60746891f396_6e3c1391-69ef-416b-879d-f73dc99a6206.jpg,anime-screenshots/754e4074-aaa2-49ba-8159-fac8ab524bf4_0b8039d7-f149-4326-b9ca-561917187c70.jpg,anime-screenshots/02f54d59-ad59-4cc8-85e3-f5c20d56a72b_c0d6c032-0807-4c15-8bc1-624b7dbb1f2f.jpg,anime-screenshots/9af5cdea-bb2f-4d4f-ae79-c049682bacca_b857153e-0a1b-4fee-88ab-a7b12511ec62.jpg,anime-screenshots/68f0e7ec-3848-4c78-a3db-a308f82450c2_4d5a5f23-4d89-426a-a1e1-54dde33e2bf6.jpg,anime-screenshots/8cfb64cc-13da-43be-8265-b0ff55bb116f_cb67712f-6c05-4b1d-a6b9-ca6ce257917b.jpg,anime-screenshots/bc4a0424-8b4e-4c50-87dc-5ea8d7faeaf8_0b3ddd69-7232-4e12-8353-45fafb8cf877.jpg,anime-screenshots/8085c209-7107-4762-a6e4-4b0da89c6b9c_ae2344bb-f251-47a9-b133-128ac224b264.jpg,anime-screenshots/a6fbcf6e-2369-4067-a991-edee74481f06_959cf65d-b3b5-479a-b4af-f5c7a838c0d4.jpg,anime-screenshots/d57d7999-040b-4582-89e4-b01740c3d296_7c27f7ab-7ced-4131-8808-ae22eb8d5d17.jpg,anime-screenshots/72e6d95d-31ae-4330-b2c1-0d77cb93a6a5_5c681401-f47b-45e1-9dcc-56666ece31c6.jpg,anime-screenshots/a8320c72-3838-482f-a60d-46209926c162_6bdf7297-a51c-497f-becc-350322021a01.jpg,anime-screenshots/0c20467a-3e05-4c62-a90d-74a954439e66_ecb795ca-ccd8-4484-9018-14ecc74bf564.jpg}	shingeki-no-kyojin-5	3	0
6	2017-04-01 00:00:00+00	2017-06-17 00:00:00+00	9.3	12	12	24	2	2017	5	1	3	Сто років тому людство було знищено страшними загадковими істотами, яким дали прізвисько Титани. Гігантські створіння нещадно нападали на міста, руйнуючи житла людей та пожираючи все поспіль. Жахлива ситуація змусила тих, кому пощастило вижити, сховатися за високими мурами. Проте минуло століття і зненацька з'явився черговий ворог, який порушив умиротворене існування народу. Гігант з легкістю пробив захисну огорожу та привів із собою натовп кровожерливих побратимів. Так і почався черговий бій за життя.\n\nКоли величезна частина населення загинула, а втрати набули катастрофічного характеру, солдати раптово з'ясували, що жорстокі титани ховаються серед городян. Через п'ять років безстрашним захисникам вдалося схопити одного з противників, що ховалися, - Анні Леонхарт. У землян з'явилася можливість з'ясувати причини запеклої поведінки велетнів. Бажаючи зрозуміти чому ліквідуються останні люди, герої навіть не підозрюють, з якими потрясіннями вони незабаром зіткнуться.	anime-posters/2387e7f8-70a5-44c0-b6d2-bd89db2811de_56c9f46c-a247-411b-b906-fdfbe6eecdee.jpg	{anime-screenshots/d433d167-5310-4112-98d4-e3e0352c2014_5696836c-ad28-4021-a6ea-13afdc34386f.jpg,anime-screenshots/9a5fab96-3ae8-4373-94e9-daa2a197b270_21e4e6eb-674c-4ad8-9254-09e43356c1c0.jpg,anime-screenshots/dc70b0ad-41d5-42c0-adfe-b26087a0157c_8bdfd718-bb51-4f93-bcf9-a0063a4f985b.jpg,anime-screenshots/e2925211-712a-46af-ba55-bcb44659e462_d1903cd6-2dd7-4e0a-b049-6a2979e7946d.jpg,anime-screenshots/ca81ae35-4110-4529-a2fd-158b136c9fe1_03ca9fd0-94f3-4d25-acb2-9a2c7fb216b2.jpg,anime-screenshots/5a2f36cb-1f35-48d1-ad8d-ea540d3087f6_b27bbef5-676f-4256-8ef2-f9cf3b513889.jpg,anime-screenshots/bc84c576-4ab3-48d0-a501-dadcada8afc6_d91eaf4c-f3bf-4d56-af6e-c0fe64849ed5.jpg,anime-screenshots/97ab1caa-0373-4a40-af5e-4fff7c8c40b3_0a1a06b6-ec80-4947-a0d9-245e38152612.jpg,anime-screenshots/bd6ad3f2-7605-4d30-83c0-bd2f0f323405_ec687742-b061-46c0-8c9e-725785a0a8c1.jpg,anime-screenshots/38e04a80-8cb0-4006-a567-c441ab486058_54f4ecef-b44c-4728-a554-3cc68ca8b808.jpg,anime-screenshots/709e5243-8d10-419c-9026-be09562d34ec_3fa7a016-4d39-4168-aaf3-f0a06bfed3b7.jpg,anime-screenshots/06e94b99-8e00-4863-838d-4a4ea4ca4896_99bc1204-288a-4bc6-97d9-d48463ff433f.jpg,anime-screenshots/d2fd41f7-d36d-4557-9f94-bd831783c4ea_25e5edc0-d4da-4e3c-92dc-330f132091fa.jpg,anime-screenshots/eaaa15dd-5550-4f80-85e4-aee992854395_798051d5-9438-4edc-9a1f-2d5298dc0b87.jpg,anime-screenshots/e119f1c9-5999-47ff-9596-d938bd91b8f4_95052bdb-9aaf-4d59-9f71-73d6a5b54453.jpg}	shingeki-no-kyojin-season-2-6	3	0
8	2018-07-23 00:00:00+00	2018-10-15 00:00:00+00	9.3	12	12	23	3	2018	5	1	3	У недалекому минулому людство було практично знищено гігантськими істотами, які не володіли особливим інтелектом, але вміли спритно пожирати людей. Ці підступні титани вбивали заради банальної розваги, а не від голоду чи переслідування якихось цілей. Нечисленній компанії людей чарівним чином вдалося вижити. Вони звели великі стіни, щоб захиститися від можливої ​​чергової навали монстрів. Тільки так людської раси можна було сподіватися на відродження та продовження життєдіяльності.\n\nГоловні герої, завершивши важливу місію, пов'язану із поверненням Ерена, прибувають у рідні краї. Опинившись у улюбленому місті, хлопці зненацька стикаються з непередбаченою загрозою, що називається вищим урядом. Нещодавно було вбито пастора Ніка, тому обстановка всередині містечка помітно розжарилася. Ервін Сміт чудово розуміє, що всі дії жадібної монархії сильно шкодять усьому населенню. Він приймає рішення розгорнути підготовку до майбутнього повалення панівної команди. Згодом персонаж планує домогтися призначення на пост Крісти, що звільнився. Чим же завершиться серйозне протистояння, яке нестиме доленосні наслідки?	anime-posters/a567b895-d2b2-4960-a2f8-1554056f01c3_8f95577e-94df-46aa-b265-deb5f749bd71.jpg	{anime-screenshots/3b9f1f3f-c66a-46d0-932b-36bfce4eefc3_b1388a9c-17b6-4cf8-b10e-72e9901921a4.png,anime-screenshots/2389d96f-f563-4d8a-b73c-a4ecd44b2954_0a5c1ee1-f3e0-46c1-a034-aa7115a74c49.png,anime-screenshots/d90958a8-5371-49a2-9af3-ecee1407a697_0d6b59fd-99d1-489e-8eb2-64bf45bf9f29.png,anime-screenshots/ddb69a81-6c04-4ba8-ab90-aacd0dc70e9d_d4f66dca-c5d4-4700-a1e9-fea28da0a970.png,anime-screenshots/a1886faf-dbe1-4128-99ba-dc05a3df84c4_1b5b93fb-fdee-4d9b-b31f-0248524dfbda.png,anime-screenshots/6cb8a8c3-933e-48e9-a7b3-35a19f6530cc_81bb12e1-2a90-4971-9b86-3497b1ab33c0.png,anime-screenshots/ed5ec1de-7761-4f6f-97db-ca26dc2ba2a6_61b07931-b59c-4286-ad11-a80cc30b20e6.png,anime-screenshots/d09ca402-153a-4f64-a37d-4d08f648d109_314c87a4-12cc-4b99-b219-401fe5216966.png,anime-screenshots/d2ef83fe-2f20-4882-b2e2-facd5fac8272_de3e2060-94b5-4ba7-b90e-491841b3da2f.png,anime-screenshots/2c4b3174-1ed2-4b71-b444-8ddfda760030_6f5c35cf-0fd8-4e4c-a736-05b2108523b0.png,anime-screenshots/ea1d9404-5b35-4e0b-b512-15b549c0a405_c2271e81-a1af-4fd7-b05a-13668db3e180.png,anime-screenshots/db172791-57b8-4cfe-be53-52757d719c83_1cfc0206-f41a-4d69-916e-a20879e6db59.png,anime-screenshots/e1850d47-f1f1-4e21-8fd1-1b74f8c2d033_2074fa73-df7e-4b6f-ad1d-665054c15f49.png,anime-screenshots/76103ab4-5ff5-4eb3-89f8-549e8970077c_4a8be82c-9f13-4066-af23-18e870a427e5.png,anime-screenshots/32b976f2-1a50-42a3-92c6-197dd8200fa1_84b3b5f1-594f-4c38-900d-c6f79377ad85.png,anime-screenshots/f2767b6b-550f-4ce7-896f-541d20327960_87131393-4404-4d97-8146-a1c05bde70e4.png,anime-screenshots/68988f0c-0df8-494c-9648-fcd15b6e8cda_b8eadedb-abf6-42d9-893b-62034703fb82.png}	shingeki-no-kyojin-season-3-8	3	0
12	2023-03-04 00:00:00+00	2023-11-05 00:00:00+00	9.2	2	2	72	2	2023	5	5	3	Протистояння титанів та людей досягло апогею. Однак тепер людство змушене боротися не лише з величезними творіннями, а й один з одним. Спроба захопити першість у цій кривавій гонці спричиняє ланцюг подій, які здатні привести світ до загибелі. Одного разу ворог може стати союзником, а товариш зі зброї перетворитися на недруга, адже в цьому жорстокому світі сила і підступність вирішують все, а люди, щоб вижити і захистити те, що їм дорого, не гребують будь-якими методами.\n\nЧи зуміє людство вижити у цій боротьбі?	anime-posters/5c3745eb-51bf-45c0-8881-5b8eec671876_850fae24-7e91-40f8-bf91-d4e29ccefc99.jpg	{anime-screenshots/52af04fe-6f73-4e40-b149-8d6f9882a7c7_05496a44-798f-492c-bd6d-083603a9d80b.jpg,anime-screenshots/ba44fee3-bd86-43e9-a405-6f897fc4900e_58eb52a8-971c-4c7c-95d5-1b2fbcd06884.jpg,anime-screenshots/23b9e8e1-e79c-4672-8b5f-6ec73be4cedd_0c04db0d-5f51-4888-bf94-45c1d6dfbf8a.jpg,anime-screenshots/f1b04076-85cf-403a-b5e7-12a3bab2ef59_4fd948cb-29d7-406b-8960-d1848d9b81dd.jpg,anime-screenshots/41b7d65c-be9b-4702-9130-23192e46013d_44058272-64c2-4aa4-af0b-c8049cb0aa9a.jpg,anime-screenshots/bd741004-5e3c-4780-9311-77e9a094f770_c15d69f1-7ba6-4bc6-98cc-9d18a63cd0e4.jpg,anime-screenshots/7e59e4fc-4272-4115-b394-8791cfedad12_f34775df-7105-4fa7-abd3-66a67461258d.jpg,anime-screenshots/216ca5cf-3205-4ece-b140-65f6da71feb4_edd31b58-712f-4f11-bd04-81dcf1392a08.jpg,anime-screenshots/4c5ac642-5b2e-4776-bc03-73f464514b31_742d74a3-ddb1-4269-acab-b3a1c2928446.jpg,anime-screenshots/f3e8bd50-aa90-4c96-87bd-831020a99dbc_ac61f65b-e182-4e7e-9326-ec6a922af4e3.jpg,anime-screenshots/77b2b2d9-1b10-4e5a-9752-9f68a5fa0519_b6553156-06f2-4e23-bb45-bc4e5cfe6aeb.jpg,anime-screenshots/0aaba066-d0b8-4406-a576-eb4d38dff9a8_7a2f7669-2f1a-404e-ad82-bf750d04f2bc.jpg,anime-screenshots/4c4464e6-c4e6-4013-8924-a30670e84ab1_561cddee-bc63-4fb0-a707-a106f1c8cfd4.jpg,anime-screenshots/6c182678-65d9-4621-bbb0-22250f7db5b3_5732fa96-40c3-46fd-aa58-2c222d73f068.jpg,anime-screenshots/d458d9da-9558-4b0b-9187-3f25f43d5ea1_249a7350-ab8f-4739-9d02-bbd0bbccbd78.jpg,anime-screenshots/7dc00338-d66a-4fa8-9b77-6e0892e71fb2_94e57de3-21cf-4cb7-acfe-ff8f24d0f8f6.jpg,anime-screenshots/f6752f55-3b66-4777-a57d-c9f27ace9755_d67f429b-0186-4ddf-b30d-df42d604dab7.jpg,anime-screenshots/b750d76d-f714-4c27-a822-6730f11a13e7_f84b1078-b70b-4dfc-a20b-ac2abdb67856.jpg,anime-screenshots/b469aaed-ed2e-44b4-a53b-bd7dc95f5988_da20a1c9-68b8-4766-9cb4-747e6ef0040c.jpg}	shingeki-no-kyojin:-the-final-season---kanketsu-hen-12	1	0
11	2022-01-10 00:00:00+00	2022-04-04 00:00:00+00	9.1	12	12	23	1	2022	3	1	3	Багатостраждальний острів Парадіз знову занурюється у війну... Після руйнівних дій Ерена Єгера марлійці починають вторгнення на острів, і на їхньому боці майже весь світ. Ерену знову доведеться зіткнутися у безжальній сутичці з марлійськими воїнами, зокрема з Райнером Брауном. І це у розпал нового державного перевороту на Парадізі, вчиненого радикальними прихильниками дій Ерена. І знову колись рідною для Ерена Сігансіне розгортається воістину доленосна битва, результат якої може змінити весь світ.\n\nЧи зможе Ерен, який відвернувся від друзів і товаришів, досягти мети і досягти справжньої свободи? Чи готовий він знищити всіх своїх ворогів? Який вибір доведеться в цій сутичці зробити Мікасі, Арміну та всім товаришам та друзям Ерена? І якими будуть наслідки для них самих і для всього світу? Епічна драма досягне своєї кульмінації.	anime-posters/dd187a22-6d48-4000-a7e4-453fd31250bf_82e1b7ed-7a72-4540-a9b8-fa5b5d887c3c.jpg	{anime-screenshots/ed565d2e-44ca-4639-b35b-eddfe6332b61_6a507227-64cf-4eb2-a5d7-9aafc778c7f3.jpg,anime-screenshots/188c53f1-ef5b-41ae-9d04-53fc471d588b_ef9348dc-aa1f-4410-bc92-9f4713183d94.jpg,anime-screenshots/37d5dba0-d39c-4894-8ca5-68a9af364a9d_561b2a07-2106-4356-a859-825ed882e4cb.jpg,anime-screenshots/d089e1f6-0d23-4dc1-bac2-c4b2ab3985ce_3a6ef6a9-9b0f-4083-84c1-781c7cb353ff.jpg,anime-screenshots/791f5b28-8560-4b04-b0cb-d426e8ca6fd7_3199b236-6455-48fc-9d92-29160728f94c.jpg,anime-screenshots/7f5a25f7-d59d-48f8-ad50-f8639c239024_f39b7230-fcee-4374-affb-de721dd48ff1.jpg,anime-screenshots/fb8342e4-01dd-415e-a15e-f1e1c261c8bd_fe78e86a-06cf-4ff5-93b4-0b99e58f5073.jpg,anime-screenshots/e1bad395-78d1-4cdc-ba3d-729efbb4ba26_9980e0d3-2cf1-44d6-afb4-5a811d72799b.jpg,anime-screenshots/7115ef81-ab06-4633-8d84-c123b1a62e6a_ba3dc52f-69fc-4d7b-8ac4-7e5eb3535fb7.jpg,anime-screenshots/3b79e407-9cf7-46dd-85da-112cde6cc681_eba5da3c-dbe2-44f6-a130-a53d18e3df2f.jpg,anime-screenshots/11f94e78-8c58-43fc-8e1e-033d5204ade4_118ff12e-32d8-46d0-8fda-186bf709cf53.jpg,anime-screenshots/96b23889-4bd2-48c4-8ebd-e65ef123cad4_f0e63d12-c591-438c-88c8-27dc9dcfc0bc.jpg,anime-screenshots/408c51c6-b090-40dd-8fa0-93cb4ecb0407_d3b66aba-7564-4a4d-866a-996c308af82c.jpg,anime-screenshots/eb849b23-06b2-4739-a834-18cc064478ab_66526e3a-c1ff-4c62-8fec-6f58c7f6297b.jpg,anime-screenshots/8d147511-3ffd-4e98-a637-5e5aab0bd048_ecab7f92-09e6-441a-a937-6c3902d55fe9.jpg}	shingeki-no-kyojin:-the-final-season-part-2-11	1	0
9	2019-04-29 00:00:00+00	2019-07-01 00:00:00+00	9.4	10	10	23	2	2019	5	1	3	Пряме продовження аніме "Вторгнення гігантів 3". Екранізація сьома за рахунком сюжетної арки манги «Вторгнення гігантів».\n\nУсередині стін знову настали мирні часи, і розвідзагін готується до нової вилазки за стіну «Роза», прямісінько до Шиганшини. Завдяки Ханджі розробка нової зброї для вбивства гігантів майже без участі людей йде на повний хід, а до солдатів повернулася давно втрачена надія на порятунок всього людства. Але в Шиганшині наших героїв чатує на небачена небезпека, здатна знищити всі плани Ервіна на повернення стіни «Марія» і зруйнувати всі мрії дізнатися, що ж таїться в секретному підвалі старого будинку Ерена та Мікаси.	anime-posters/d43d73c8-ee4a-4d38-8715-1396c9c71ad2_4c90aec2-6459-419f-8c59-921ee1d481f8.jpg	{anime-screenshots/d76100d3-7b1d-4ad3-8c3d-991155fdb751_4b369064-3e1f-449e-9f67-ae37d8ccd080.png,anime-screenshots/144fcd7f-89f0-4cf9-98fe-be49a9085aa1_b74b6632-8b6a-4d21-abbb-c549ece0a8a3.png,anime-screenshots/d024d12e-8915-4d81-b800-26b6ca0ba31f_3adeb061-8d7c-4271-9295-a375dcb1690e.png,anime-screenshots/e726834b-07c6-40fe-b00d-85a54f9c0b6f_2bf48f4e-76be-482e-92a9-ae335c669064.png,anime-screenshots/5a8227a2-5484-49a1-80d1-a90c69a3cc34_0c8e320e-c7fc-4ea3-bf10-ef292f3d1db0.png,anime-screenshots/6cfa5ac5-5698-45e8-a0ec-b22b37fb0fa5_1ddc1536-2922-4000-b312-61d7bc2083d6.png,anime-screenshots/d4651d00-c56b-49c6-8ea1-bd6c4d41e089_07e9c35d-18ae-4142-b425-aed2a288bcbf.png,anime-screenshots/cc725123-1849-4bbb-a3e6-88e3e47078a6_a07aee55-2471-4c6e-80ba-53e3b4942320.png,anime-screenshots/03b2a147-4734-4eaa-845b-e9623bdacb26_1483c8d5-9fe6-4f0f-a58e-162fb7f8beaf.png,anime-screenshots/4f3400d5-9220-4b29-a6ed-68afdec4b0cb_30e9f3bb-36ea-401e-ab2e-ffbbcb8eaef4.png,anime-screenshots/1f0822e5-1da3-4bc9-a11b-cf1d326de107_835361aa-1329-4f5e-9613-3a93911d0cbd.png,anime-screenshots/6a15a71a-1280-4f47-8716-82663a94ccd2_10f7f2fa-7975-43f1-9c64-a11e4d6adb8a.png,anime-screenshots/2b4d5e4c-d2ac-4652-ba45-a07bfbddb4fd_b33eb944-9335-4794-b66e-a73b3ccf73f5.png,anime-screenshots/1a87e5f0-f26d-4b0c-a2a0-790cea6badd2_8b8de5a7-2bbe-4ba1-881e-d2649b27e9dd.png,anime-screenshots/33ccc5da-ab21-4e97-9ccb-927c7549040c_867851fc-a848-4dcb-8bab-1bdc69082969.png,anime-screenshots/445cf1fe-ae07-463b-af5d-318212fe0255_72be9b51-a12d-4863-a1df-baf0189cdc7d.png}	shingeki-no-kyojin-season-3-part-2-9	3	0
10	2020-12-07 00:00:00+00	2021-03-29 00:00:00+00	9.3	16	16	23	1	2020	5	1	3	Пройшло чотири роки з того часу, як члени Розвідкорпусу досягли моря. Зі щоденників Гриші Єгера люди дізналися, що весь цей час протистояли не тільки титанам, а й іншій нації.\n\nЗа морем Марлія закінчує тривалу війну із військами Середньосхідного Альянсу. Нація, яка завжди покладалася на титанів у війні, усвідомлює, що поступово втрачає першість у військовому протистоянні через нарощування іншими державами військової могутності та розвитку протититанічної зброї. Щоб утримати лідируючу позицію на світовій арені, Марлії необхідна сила Титана-засновника, найсильнішого з дев'яти титанів, здатного контролювати інших титанів. На жаль Марлії, ця сила все ще знаходиться на острові Парадіз в руках Ерена Єгера. Райнер Браун — єдиний воїн, який повернувся після провальної операції із захоплення Засновника, знову має зіткнутися з колишніми товаришами.\n\nЕкранізація восьмої та дев'ятої за рахунком сюжетних арок однойменної манги за авторством Хадзіме Ісаями.	anime-posters/d789bd82-c097-4dfe-a6c4-4608d84e57ed_bbc8bea0-7e9c-47bc-9122-1feb07cfcc87.jpg	{anime-screenshots/6a8caaf2-0daa-4816-be80-0896b7336fe0_b4f900a7-0412-4a39-9b3d-5df8a19385aa.jpg,anime-screenshots/649082a9-5c39-4167-9400-a77220b7ffc5_0958da8d-945d-4d0f-afac-bc6b29f8576b.jpg,anime-screenshots/d4181789-ef59-485f-80cf-55a3862611f9_3265e49a-7edf-4b83-bec9-4d0ef156a913.jpg,anime-screenshots/88fe4ad8-68b8-42b1-96be-0cbbf5e078f7_2a696d69-804f-4cc3-9303-48c869e0ac55.jpg,anime-screenshots/866a92ac-0158-4d71-a0de-e5211c7e9b34_4b349c5d-e549-4d6b-852e-73a9cf21ab49.jpg,anime-screenshots/a2b0d056-bb3b-4dbf-8bed-444f0b82ae53_990e38dd-a814-49ad-b971-ecf5af640945.jpg,anime-screenshots/c65ff2d2-cba2-4f30-a99a-b3f6fd742b9f_c1822a32-8183-45dd-a02e-64a17263b60e.jpg,anime-screenshots/5f6721f7-69cf-45f2-a669-a5b43fce7485_75833e6b-2134-46fc-a8e4-fcc986bddd78.jpg,anime-screenshots/ba5a1e83-efb0-4008-98cf-9bf8f52a987a_63df668d-7e26-412f-adbb-76a70e9d3350.jpg,anime-screenshots/c2774160-6ede-47a6-b67f-b8644e9a9e17_b51fbe27-93f3-4f7b-96c3-2e41dbc23d0a.jpg,anime-screenshots/d10c074c-d89b-435b-a16c-d83d058628cc_07cd84a2-5729-470d-91ed-19d3164d5398.jpg,anime-screenshots/d87b8d55-4099-4861-8bb4-428557dd8787_9f0cfc37-0acf-40ee-931e-c85ac5240be2.jpg,anime-screenshots/275d55fb-e677-4592-82ca-bf6a7bb8f165_d5e385c2-3bf6-47d2-8c8e-e5110a3a5b82.jpg,anime-screenshots/fce63f58-faf4-4c23-9413-d125df137cfa_c9f41003-ecef-4282-81a6-b86f05108808.jpg,anime-screenshots/ae899cb0-36c6-4807-970d-e9b59d4a8e7a_662e1644-32b1-4d37-bf10-dccf614ca10d.jpg,anime-screenshots/2239501b-0e80-493a-b007-6e792406c5e3_2a0bc64a-48d8-4722-8b93-cdab33f4eec4.jpg,anime-screenshots/54e9dd84-0402-4ad6-b229-ab4fa81debef_384f0632-c9d7-46cc-a18a-2ad56f796aa1.jpg}	shingeki-no-kyojin:-the-final-season-10	1	0
13	2014-12-09 00:00:00+00	2015-04-09 00:00:00+00	9.3	2	2	27	1	2014	5	3	3	Молодий Ервін Сміт - висхідна зірка в розвідувальному загоні, єдина надія людства на порятунок від монстрів-людожерів, відомих як гіганти. Безжальний і безпристрасний розум Сміта відданий стратегіям та інтригам. Але під ногами Ервіна зовсім інший світ — «підземний», де люди народжуються і помирають в оточенні сміття, яке викидає столиця. Тут юний злочинець Леві виживає за допомогою свого розуму та спритності. Але коли ці дві амбітні людини зустрінуться, хто зможе довести, що вона сильніша?	anime-posters/d37b2155-8331-437b-92bc-e6816ccf08e4_poster.jpg	{anime-screenshots/cacc6c42-049c-4035-8f67-0c7527d6d1c4_380x240.webp,anime-screenshots/03654161-208b-47ef-baa3-0819fc02dbf0_3287255c360ecd3ce3f9293fc95bd603240f0783v2_hq.jpg,anime-screenshots/b45d8d3e-33b6-4ed6-bef0-0a2535bd715a_getVideoPreview.webp,anime-screenshots/c18d642d-3c0c-4ecc-8327-27697a29da7b_images.jpg,anime-screenshots/2aedffd1-9b78-4223-88a6-dec14c27decb_o-o.jpg,anime-screenshots/cdf65db7-0739-4289-8b26-9cd97c78b23f_rXXC22YUo31QfOsavy0jUbqdxFc.jpg}	shingeki-no-kyojin:-kuinaki-sentaku-13	3	0
15	\N	\N	5	12	10	20	0	0	1	2	1	No description	anime-posters/bed89457-f46f-4bb4-a11e-acc8e672f490_dc7473c9-8ebc-4d98-9678-2dfb1228c923.jpg	{anime-screenshots/462e45ca-650d-4a1f-b4a7-c06ebc50f96d_a4610dfc-5ec5-4383-aa69-cb6910ead2c2.jpg,anime-screenshots/68db2942-d818-41bd-af40-b49a598b1f6f_97bef8b5-31ce-4d0b-abee-d749f126ed73.jpg}	anime-test-15	1	1
23	2019-07-05 00:00:00+00	2019-12-13 00:00:00+00	9.3	24	24	24	3	2019	3	1	3	Типовий учень Тайдзю Окі каже своєму люблячому науку другові Сенко, що він нарешті збирається зізнатися Юдзуріхе Огава, в яку він таємно закоханий протягом п'яти років. Зустрічаючись під деревом на шкільній території, раптово небо наповнило дивне яскраве світло. Тайдзю штовхає Юдзуріху до дерева, щоб захистити її, але світло раптово огортає все людство і кожна людина на Землі перетворюється на камінь. Проходить багато тисячоліть і Окі вибирається з кам'яного полону і починає досліджувати околиці. Тайдзю знаходить дерево де вирізане повідомлення, яке приводить його до Сенко, який теж зміг вибратися з кам'яного полону. Їм належить з'ясувати, що це було за світло і чому всі люди скам'янілі.	anime-posters/a0babacf-7043-4e46-a933-3ff92b7d7b42_37d2d744-a388-48e8-8ca7-c29bad92ee26.jpg	{anime-screenshots/07959ca3-6744-4803-b854-5d31c4d356d9_9ca65cac-b5a1-4af2-a6f9-911475bb821c.jpg,anime-screenshots/fb4ab0ff-ff32-46d0-be44-8c7d90757a59_908ad210-006a-4598-9a12-93d4de123826.jpg,anime-screenshots/b71908fc-43c9-4f20-8426-bc18aef1e0c4_e7a3b3fb-7924-4cc8-a0ef-f21cba498b6b.jpg,anime-screenshots/2a61c495-10b9-45ce-ba07-71325307a6ed_6d52a1c5-071a-4096-bf69-5dd7f8aa360e.jpg,anime-screenshots/311e325b-ee62-45a3-84c0-0342f9138930_2f0eab8b-9c64-4072-bdf5-d065bddece92.jpg,anime-screenshots/869c8764-4359-4886-a8fb-62561e0bcb2c_5f1d5417-e5fc-4804-92e7-205dec018db6.jpg,anime-screenshots/3cb15226-fd53-4bbf-a588-f91374a47917_e849860e-348d-4e10-9d40-64fb996568c1.jpg,anime-screenshots/ec032960-74d0-42a3-a942-1a25d108fdfe_d5aa9cf8-6bb3-4515-ba8f-6198f63f20dd.jpg,anime-screenshots/79714f98-2c95-4303-a05a-177947a9270d_6d00e889-42f7-43d1-b4f9-1edbf2f5fc39.jpg,anime-screenshots/859273b2-646b-44d7-98a7-15be7c3a9e02_43a2d94d-a41f-49ca-9342-dda609e412d6.jpg,anime-screenshots/03dd64fd-3a89-415a-ad8d-e669b81443e1_11db9f2e-32b4-4317-afd8-c924cb6b01cc.jpg,anime-screenshots/173fec6f-014d-494f-9524-7077733beba7_15a8133d-11d9-4774-b4d4-d836de5dba39.jpg,anime-screenshots/f17f267b-96d8-4097-a699-1ba28de657fe_d48eaec5-ef93-49fb-862c-468056b15477.jpg,anime-screenshots/c0b5ab12-6c8d-4007-be60-4b3f00ea0ca4_491260e7-8c54-40aa-b52a-49328796925d.jpg,anime-screenshots/c3ab946a-2a30-4f6f-a3c5-db3477431438_ce396ede-27dd-4ad0-9244-45dd19a2ae11.jpg,anime-screenshots/bb8297b2-c88b-4604-926f-3b06f5fc207c_7edf69e5-f21a-4f3b-9319-f3a60c52121e.jpg,anime-screenshots/f7f5feea-f5de-4847-9266-c40d186690b7_7e6441ae-369a-479d-bfff-b9d61f7d45bc.jpg,anime-screenshots/1edd35c5-8300-4137-b6f3-0565eb6f83ea_a8af8fac-4b6c-4d5c-9416-c8bd97eb652b.jpg,anime-screenshots/0fe52459-3b7b-47fa-a2cf-a6501befc3c4_16c124a2-f1ed-4ce3-a5f0-e9d9bc3575dc.jpg,anime-screenshots/56d41f94-1e1c-45f6-9517-ffc9dd5f7042_11b7c505-81f6-441a-9ef6-7a4fb54e528a.jpg,anime-screenshots/44361f13-8520-4fd2-a3aa-e24c6e48369f_8ac51727-b1e1-4fea-9efe-21c27b24b9a9.jpg,anime-screenshots/ce66fbaf-06a9-422a-b0c8-534ea5873c21_e036a67a-4690-4de0-96ec-f5a0c8d98fdd.jpg}	dr.-stone-23	6	0
24	2021-01-14 00:00:00+00	2021-03-25 00:00:00+00	9.2	11	11	24	1	2021	3	1	3	Тисячі років минули з того часу, як все людство миттєво скам'яніло від загадкового явища. Прокинувшись і не впізнавши світло, що змінилося, Сенку Ісігамі — геній, що володіє надлюдським інтелектом — застав лише жалюгідні скам'янілі останки, що свідчать про те, що колись тут існувала розвинена цивілізація. Застигнутий зненацька, але не зневірився, Сенко вирішує повернути колишній світ силою науки. Згодом до нього приєднуються нові друзі та разом створюють Наукове королівство. Вогонь, праска, електрика, скло, мобільний телефон... На розвиток від кам'яного віку до сучасної цивілізації людству знадобилося понад два мільйони років, Ісігамі з друзями пройшли ці етапи набагато швидше завдяки вже наявним знанням, навичкам і старанності. Однак на все так гладко, як хотілося б. Колишній найсильніший учень старшої школи, Цукаса Сісіо очолює Імперію сили, що протистоїть Науковому королівству. Мета Цукаси – очистити людство, і він зробить усе можливе, щоб зупинити розвиток науки за допомогою могутньої військової сили. Що ж протиставити своєму супернику вундеркінд Сенку?\n\nКам'яна війна почалася!	anime-posters/ef060247-4ace-4cc5-869d-1b8a2a01cab7_50c328bb-6d9a-4ac3-97ea-93c757962f89.jpg	{anime-screenshots/5b4cbd27-b31a-42c9-b6df-33fe4fb690f3_aa251351-8915-4701-896e-7f4675df6c4d.jpg,anime-screenshots/034b944a-3bb2-4f81-b127-8a4ee511a866_72d7a586-d463-4584-b66c-21fa42cf8eb2.jpg,anime-screenshots/06d06d57-d650-40ff-8ddc-b6d0783bd0dd_4cefa75c-2151-4d5e-8fb8-cdc88c49574d.jpg,anime-screenshots/ff93ea20-831a-4df4-a357-0a0d84773a83_0c5dbcc7-1cd8-498a-9174-45d4cbaa8bc1.jpg,anime-screenshots/6d73c26d-c5bb-41da-baa8-9f3b9ab1ff5b_e510cc52-cc3b-4d89-bd54-6c056e413457.jpg,anime-screenshots/c0d1b3f5-c5e0-43f2-8e1b-29e0fe3c0fcb_d646cc70-63b2-40ab-8738-9188d137b995.jpg,anime-screenshots/694029e1-f6ca-4ab5-9e4b-9fdde3779273_db7cfca0-8f06-40fe-b353-cfb298ba0688.jpg,anime-screenshots/1086be09-288f-4716-bfa0-ef7a3198574b_3d5be420-1e9e-4567-9324-76c3a92af217.jpg,anime-screenshots/1b60b3f6-1220-406c-8454-c56f6185f8d9_e2a42bb0-24d4-4afd-88f1-062fb66fc7e4.jpg,anime-screenshots/9a6049e3-6579-40d9-9dd4-3cbdb28651e2_24156bd9-0c57-47fc-9e9c-2ed51a49364a.jpg}	dr.-stone:-stone-wars-24	6	0
29	2020-01-16 00:00:00+00	2020-01-16 00:00:00+00	9.3	1	1	116	1	2020	5	2	3	Повнометражне продовження аніме-серіалу «Клинок, що розсікає демонів».\n\nЗавершивши оздоровчі тренування у Будинку метелика, Тандзіро та його друзі вирушають виконувати нове завдання. На поїзді «Нескінченний» твориться щось недобре: відразу там зникає понад 40 людей! А значить, Тандзіро, Недзуко, Іноске та Деніцу доведеться битися з могутнім демоном. Приєднавшись до одного з найсильніших мечників — полум'яного стовпа Кедзуро Ренгоку, герої кидають виклик ворогові, тоді як потяг «Безкінечний» мчить у долину розпачу...	anime-posters/eb70a874-7ec3-4684-b621-2e96dd3707c6_3fcd637e-3517-49c8-b55f-2fe608fce1ce.jpg	{anime-screenshots/bb8ae826-5d0d-4199-96d7-52df4cfd1665_5deb83d3-7d63-4e2b-99fd-7ff4028c7ce8.jpg,anime-screenshots/0318d6a2-cdd3-42c4-9d7c-3528af718cfb_68cf1db9-bf7e-465c-91a2-faf090026912.jpg,anime-screenshots/fd7aba61-5597-4873-8f30-773f9b940a3b_c3d0b8bd-c84e-494e-90b4-b17e0efc86ad.jpg,anime-screenshots/0a637786-249f-43b8-b5c5-92bf8a368c89_77ce36e0-af2c-4b6e-87dd-4bd3543e5696.jpg,anime-screenshots/ec0f3a79-7769-42ea-9a94-3634c2878d51_1636d479-bfc5-457c-aff2-5667427e968a.jpg,anime-screenshots/d368d9af-e9a5-4ab6-8e29-151bfd8fb09b_073e21a6-7c0b-4266-8b00-f045f2efc4a4.jpg,anime-screenshots/233c1758-ac33-423a-b40b-d712cb152d5b_a4028529-1d03-4d8b-855c-b8b9dd3dc43a.jpg,anime-screenshots/ab8a2ab8-2474-4b8b-9380-10afbcd81964_5baddf91-9fb0-46ab-8dce-f1a0e19f98a9.jpg,anime-screenshots/1553325f-b769-4d75-bd4b-72a6e48d4006_344905d7-ed67-4c60-9591-053e78985b79.jpg,anime-screenshots/75fb9b5f-9d28-4f26-9559-2324a62824e3_44f01816-4005-461c-ad20-f1ce737aeb8f.jpg,anime-screenshots/8f588d2c-00f3-4a05-be9c-0b746ca28d95_8746b0f7-41eb-4f9b-bc6a-4dc98a3cefee.jpg,anime-screenshots/e97c288c-fb71-4c83-a30c-c752c1f6e7ca_3878c812-faf4-48cd-9a11-07fc51253d50.jpg}	kimetsu-no-yaiba-movie:-mugen-ressha-hen-29	7	0
16	2012-03-24 00:00:00+00	2012-04-24 00:00:00+00	0	13	5	12	2	2012	4	3	2	Аніме для тесту	anime-posters/6b2bc9d1-d11a-4a13-9841-d11ab1723074_memi-klev-club-i8bj-p-memi-pozhimaet-plechami-anime-9.jpg	{anime-screenshots/fb3c5594-7b53-4caf-8981-a6e52084fd27_memi-klev-club-i8bj-p-memi-pozhimaet-plechami-anime-9.jpg}	tesove-anime-2-16	\N	0
17	2013-12-09 00:00:00+00	2014-08-08 00:00:00+00	8.8	3	3	23	1	2013	5	3	3	Три спеціальні серії, що випущені в комплекті з обмеженим виданням нових томів манги.\n\nПерша серія. Ханджи Зої під час чергової операції за стінами знаходять дивний журнал, підписаний як «Журнал Ільзе». Він відкриває розвідзагону деякі корисні подробиці про титани.\n\nДруга серія. Під час тренувального завдання між Сашком і Жаном виникає конфлікт, який мало не дійшов до бійки. Командувач Дот Піксис наказує курсантам дозволити його у досить незвичайний спосіб.\n\n3-я серія. Під час тренувальної вилазки курсантів за стіни виникають несподівані проблеми: бандити викрадають приводи просторового маневрування. Як новачки вчинять у такій ситуації?	anime-posters/54f83bae-6353-4469-a158-6d11560d3844_9e1b9c7f-6398-4bb5-a0e7-5de945ea8a9b.jpg	{anime-screenshots/cf416222-1a2e-44e4-895f-22ed21be90db_0200569d-55ce-473f-b9da-3f539c11798a.jpg,anime-screenshots/60a26626-95f6-443a-a777-e922c15ee9c3_8dbb1a38-4884-48b8-8c42-e9684dab9bb4.jpg,anime-screenshots/95132f17-e15d-43c4-81d4-0fc0a987c558_fdf8405b-f99c-4898-911b-4d62f618062f.jpg,anime-screenshots/8e9e489d-a9f7-4bd2-a070-4f70a8c1d7c3_b74e282d-bc31-41a9-bdb9-14b4e71d2ca0.jpg,anime-screenshots/afa8db58-162b-4610-a0a2-34a2030778f7_c651df6b-96d4-4543-8546-05b70ec8fa0e.jpg,anime-screenshots/23f46724-e621-4b76-b698-f171316a08d8_533afbae-a3a7-46b2-b1a9-59c541bb0ab3.jpg,anime-screenshots/6066de45-2e4d-4442-b5fd-511cb00088ed_e4215441-4a90-4a74-b8de-2d6c7fb8e25e.jpg,anime-screenshots/6bc8942c-36a4-4280-9b0b-c6870d1c1589_b4386959-03a4-460a-a96b-df65aea546c5.jpg,anime-screenshots/a1a4dee7-e883-460d-91ec-2f0f10601c9f_13d548a8-e88f-4d56-bbb5-0fedb5a22fdc.jpg,anime-screenshots/aeb760b7-c8b2-4aaa-b00f-8a750a392f75_d022318e-b92c-42d1-9dbf-a58d2814e140.jpg,anime-screenshots/ab6de501-5939-4dfc-bc68-14e4479a4166_46591f14-f616-4eb2-a6b1-5b92bf619f79.jpg,anime-screenshots/e47b6dfa-67e6-4bef-ad17-8c0772f4ca7f_cc830e99-270b-4616-812b-ec32eff183d4.jpg,anime-screenshots/a96d8bf6-a7b1-485e-bbe8-85ce7f730cb1_76f236e2-82af-411b-bbb2-10d22be74543.jpg,anime-screenshots/0ff38e4b-eeca-4fc1-8278-dd5747f4ef8c_1fb7dd78-baf4-4608-b867-f47d8832c13c.jpg,anime-screenshots/05bf294b-c11a-4084-8a46-f11006787a81_b6a1a9f2-f0bc-4a2d-b011-0b4f4fd6bae7.jpg,anime-screenshots/f5ca20f3-fafd-4660-b13f-8cabdcbb329f_98e975b5-d14d-4482-ba93-038ec9e27dc7.jpg,anime-screenshots/1a58e090-d7b8-4654-9c1c-52b36d6d6ab3_ca56ef40-affc-4a80-ad69-1fedec9490a7.jpg,anime-screenshots/ee2adb9c-b7b2-487e-ba37-8df8e0e70c40_6e72101f-1d74-4aee-8aed-c0e4ac86bcbd.jpg,anime-screenshots/159fe9d2-63e6-45a1-a3f6-1c717bc751b4_00adc240-767a-4e2a-94ad-5d5e9bfb6c07.jpg}	shingeki-no-kyojin-ova-17	3	0
7	2018-07-23 00:00:00+00	2018-10-15 00:00:00+00	9.3	12	12	23	3	2018	5	1	3	У недалекому минулому людство було практично знищено гігантськими істотами, які не володіли особливим інтелектом, але вміли спритно пожирати людей. Ці підступні титани вбивали заради банальної розваги, а не від голоду чи переслідування якихось цілей. Нечисленній компанії людей чарівним чином вдалося вижити. Вони звели великі стіни, щоб захиститися від можливої ​​чергової навали монстрів. Тільки так людської раси можна було сподіватися на відродження та продовження життєдіяльності.\n\nГоловні герої, завершивши важливу місію, пов'язану із поверненням Ерена, прибувають у рідні краї. Опинившись у улюбленому місті, хлопці зненацька стикаються з непередбаченою загрозою, що називається вищим урядом. Нещодавно було вбито пастора Ніка, тому обстановка всередині містечка помітно розжарилася. Ервін Сміт чудово розуміє, що всі дії жадібної монархії сильно шкодять усьому населенню. Він приймає рішення розгорнути підготовку до майбутнього повалення панівної команди. Згодом персонаж планує домогтися призначення на пост Крісти, що звільнився. Чим же завершиться серйозне протистояння, яке нестиме доленосні наслідки?	anime-posters/46636735-aa28-45e6-8250-cd54edabb7bd_409163af-a985-4306-a5a5-25e9683c8113.jpg	{anime-screenshots/073537b3-bed6-4894-b05e-d28f490c5d1c_screenshot-2.jpg,anime-screenshots/32538e9f-31eb-42f6-9979-1371cb8a7783_screenshot-3.jpg,anime-screenshots/2c138712-365b-4109-ada9-89eb58feb9b2_screenshot-4.jpg}	shingeki-no-kyojin-season-3-7	3	0
18	2017-12-08 00:00:00+00	2018-08-09 00:00:00+00	8.8	3	3	25	1	2017	5	3	3	Спін-офф серіалу «Атака титанів», що є екранізацією однойменної новели та розповідає історії двох провідних жіночих персонажів — Анні Леонхарт та Мікаси Аккерман.	anime-posters/1427ad33-bbcb-4d16-9822-ea2e4c2d84b2_f0b69659-4d26-45c5-b22b-3c65c4c8b8a8.jpg	{anime-screenshots/6ac3d492-516d-4878-96a3-5ec0a966a11a_d883bced-d035-42fd-be96-b1ba63852b17.png,anime-screenshots/b412fb8a-f782-430d-9975-2c455f07f289_fe639303-58f3-4dd7-9af5-93130fbb3633.png,anime-screenshots/118c5c4c-dca6-4bb0-999b-765407d50cf2_e29e092f-2c3a-4e27-ae25-5527a431594e.png,anime-screenshots/01472c29-1c16-4b5d-b828-9a4e86c0a872_509417bd-ea02-4a5e-aea0-fb755ae66abf.png,anime-screenshots/5c3500e4-1a0a-43be-8972-696e1338a021_12939c07-4501-4531-a9d9-297814704cf3.png,anime-screenshots/69aa13ce-5fd6-46b8-b80d-8d448cb4b8a2_03179d68-96d7-44ca-aa6b-82ac94a377b3.png,anime-screenshots/91534258-09ef-4ae5-a0d0-6bd99e1edd44_adcacaa0-aca7-4df3-b89c-33a4fbb52769.png,anime-screenshots/3303f98f-a58c-4efd-bfa4-febd8f8da242_94180f45-3674-4de7-b0fe-c6e52de1d2e8.png,anime-screenshots/9a3bae3e-9192-4243-a2a2-8ae41d7cc377_dd84cd9f-41c8-4a51-9e12-0e1324b2bbf6.png,anime-screenshots/b224cc19-65a2-4cc3-9be3-1fba4e1bcfb6_594ce6ea-e83c-4487-b87e-2966d464eeb9.png}	shingeki-no-kyojin:-lost-girls-18	3	0
19	2017-07-01 00:00:00+00	2017-08-23 00:00:00+00	8.2	12	12	24	3	2017	5	1	3	Приватна академія Хяккао – особливий навчальний заклад. У ній навчаються лише спадкоємці заможних батьків. Цей заклад має унікальну програму, адже школярам пропонує не математику, літературу чи хімію, а уроки, на яких вчать вгадувати, розраховувати та вигравати. Допомагають юним фахівцям перетворюватися на справжніх професіоналів прості азартні ігри. Виграш у сутичках залежить не тільки від здібностей учасників, а й від суми внесків до студентської ради, що дає пристойну перевагу.\n\nЯкщо гравець стає переможцем, то він автоматично стає фаворитом. А ось на того, хто програв, чекає незавидна доля. Тріумфатору надається право знущатися і тиранити битого супротивника. Опиратися в цій ситуації марно, адже вона може стати ще сумнішою. Юмеко Джабамі - нова учениця, яка схвально прийняла академічні правила. Вона з бойовим настроєм поринула у навколишню ієрархію. Усім стало зрозуміло, що незабаром Хяккао зазнає грандіозних змін.	anime-posters/21e0eebf-1d7a-4c6e-9f8f-20641745cf4a_5a236609-8e60-4b72-af35-fc20415b1ab8.jpg	{anime-screenshots/4d7c356b-533d-41ad-9192-1637f6db616d_ae9d551f-354a-42a3-afeb-5baa96d4470a.png,anime-screenshots/c3337722-5cf7-4e2f-ad7d-dd3e44de5043_86bd7631-4f3b-4a33-82d7-6d89fdd84976.png,anime-screenshots/c0e56d37-0151-4c2a-972e-86406d56f309_5e5c48b9-5272-4e2c-bcec-8f526fb36cd5.png,anime-screenshots/bee9e275-d3f4-4b3c-93ed-5e4856a93ee1_20c8a000-40a7-47ae-baaa-9d56a6f12a97.png,anime-screenshots/020de982-bace-4a7d-823c-b1598f37c449_6ab98070-9ec8-4e7c-983f-d4244aea42ce.png,anime-screenshots/8dc4d2dd-6476-4cbe-a30b-6078b054d4e8_d84432b9-6c05-4dfc-b7e4-b6c4af05033d.png,anime-screenshots/e3f01d93-671e-4abf-84c8-3faaf13db7b7_6c44fe30-cd0e-4d51-8b29-286216819bd9.png,anime-screenshots/4f218b31-e32a-47d0-b9d4-55a0b294d081_e79ed527-9f8c-43b5-8121-d86889b83686.png,anime-screenshots/9cbab942-1141-4014-87ae-07da821ffaa7_467e4218-6aa4-4ffc-a56f-d92da558b577.png,anime-screenshots/3d114590-20fb-4128-a050-20ec89d1726e_5c092a9d-fca3-4edf-8d5f-07fcc2dd3916.png,anime-screenshots/3d119ad3-6755-43ab-85f5-6061f027808e_8e0d846d-5d53-4a5b-92cf-c2818c778cf2.png,anime-screenshots/7efa8034-c32a-4701-8cf4-67dc59942e87_0c3ea9e4-758e-4d85-b638-5fc959b60564.png,anime-screenshots/f73dad1f-0afe-4e50-a6b9-ad94d48b2823_c1d25c81-82dd-4ede-a70a-f2891d23257d.png,anime-screenshots/aa17af79-7001-4fe1-87cc-a468b445ec6e_5b0fd6d0-046f-4d1a-b1a8-b39d642dffd0.png,anime-screenshots/e2912ef6-c757-4293-a66f-aec2f3da0ab5_db4f0a33-d1b1-4c88-9acf-a1676ba1ade7.png,anime-screenshots/afd294d7-f81d-40a1-9c15-cf43031c8fc6_333ece59-0107-41ff-9786-4c141027cafd.png,anime-screenshots/651c9aa6-ccd3-4640-9156-7277f629f0c0_5952b36d-df4e-486f-a62f-7060e1bf44fa.png}	kakegurui-19	1	0
20	2019-01-09 00:00:00+00	2019-03-27 00:00:00+00	8.1	12	12	24	1	2019	5	1	3	Спадкоємці впливових особистостей навчаються у найкращому закладі під назвою Хаккау. Усі випускники академії отримують можливість обійняти високі посади, тому навчальна програма ґрунтується на дисциплінах, необхідних для політичних осіб та майбутніх представників влади. Крім основного матеріалу, хлопцям потрібно «вбирати» вміння мислити нестандартно. Вони мають навчитися укладати максимально вигідні угоди, і навіть обчислювати події противника. Дивлячись на зведені у пріоритет завдання, можна дійти невтішного висновку, що далеко ще не позитивні позначки визначають перспективність школярів.\n\nЩоб удосконалити у підлітків почуття цілеспрямованості і зародити в них бажання досягти вершини успіху, долаючи будь-які перешкоди, їм викладають мистецтва картярської майстерності. Саме спритність гри в карти визначає імідж студентів. У певний момент лідерство переходить до нового – Джабами Юмеко. Хлопець напрочуд тонко відчуває карти. Він буквально одержимий ними. Обіграти такого професіонала практично неможливо. Герой планує кардинально змінити місцеву систему, але навколишні ідеї не поділяють.	anime-posters/ed13d9a6-9134-4fc7-8431-56dda9b1027b_25d74393-63cc-49b7-9b8b-cbd61e0381e4.jpg	{anime-screenshots/89764c85-2289-4826-a454-a419619dc00e_3f59c232-43ea-4f1d-a77b-8f1dbb423243.png,anime-screenshots/1ac0686b-2c8f-4dfa-880e-57ed17b94805_462f0f29-b5be-47b1-a6d4-75a17ac3a350.png,anime-screenshots/467e32af-1ad6-43ac-810c-fd0c12b419e9_76c2485a-546f-428a-b13d-1912b926456a.png,anime-screenshots/632935db-a626-4013-a4da-4bbc8231ea3d_f752f18d-1909-498a-a526-35d615ae8550.png,anime-screenshots/f3c45a66-c9e0-4eee-b71b-d03382822a2d_d36b48bb-5989-484b-af26-9cd524c90de2.png,anime-screenshots/fdf7d5c9-f4f8-407e-b574-03512d5afc80_0c62e7b3-852e-4116-8f36-7e8cbe5f40e1.png,anime-screenshots/1cfb8c8b-e795-46bc-b751-0c77ef7e32a0_d11490a3-4e68-4a27-9830-f3eff3810f2f.png,anime-screenshots/b107c81e-8958-41d7-8717-b12b70a1f9ca_7a57ff2c-5ced-42e7-a27b-f4e3cd233c96.png}	kakegurui××-20	1	0
21	\N	\N	8.9	12	12	25	0	0	4	1	3	Лидерство в подростковой сфере имеет огромнейшее значение. Оно наделяет уверенностью и дает уважение со стороны сверстников. Ребятам, отличающимся выдающимся интеллектом, заполучить привлекательный титул довольно легко. Но разряд некого гения не гарантирует, что к ногам подростка моментально падут все блага. В знаменитой академии Сюити, относящейся к престижным заведениям, учатся довольно способные парни и девчонки. Практически каждый здесь наделен уникальным даром. Хотя даже в «гениальной» компании может найтись поистине недосягаемая личность.\n\nКагуя Синомия, а также Миюки Сироганэ врываются в академическое общество, считающееся элитой. Главные герои становятся руководителями студенческого совета. Однако между персонажами совершенно нет взаимопонимания. Одни студенты смотрят на парочку с неподдельной любовью, а другие испытывают к ним исключительно зависть. Но соратников не волнует общественное мнение. Их больше заботят разрастающиеся чувства. Кагуя и Миюки не могут разрешить себе влюбиться без памяти. В результате взаимная гордость заставляет из развернуть нешуточную борьбу. Пока сложно предсказать, к чему приведет противостояние.	anime-posters/dcf17604-788c-433b-a8dc-6aebfa9240aa_e457d2b8-22ce-4566-a4c8-426b97b75929.jpg	{anime-screenshots/984aa85d-6f81-4f10-bbf6-1f79444180d9_56336d6f-60a9-4b3f-9ecb-0c4b53158ec1.png,anime-screenshots/efe4d173-eb29-4234-affa-75d127954e94_6f735109-b040-4604-a7f2-b7a951f5563a.png,anime-screenshots/307fab17-05a3-4b6a-a62d-60b603eed066_fb2d4d88-290b-422c-af1d-15417eef4b08.png,anime-screenshots/f363b8c4-4774-4df7-b390-7984237d0e18_379157c0-8ff1-41aa-b494-61d30ed18dc6.png,anime-screenshots/2ebd8181-61f1-40a3-ad1a-3def329dd9dd_5ac18588-0e44-4c9d-ab56-de766e38cb2d.png,anime-screenshots/f7a60a83-0932-45f7-9f01-fd414fa27ea6_a7ae0551-e204-4b62-b13f-b1280cdab50e.png,anime-screenshots/bd85a7f2-2409-4904-8206-edea7027214d_17179d64-cd98-47ea-b364-731a9674e753.png,anime-screenshots/54db0f8a-98b7-4425-b8bb-6a7a3f4a28ab_afe11325-ae74-4017-a826-3db11d59a705.png,anime-screenshots/e56f48a1-20db-4f4f-88e1-3d8f65644449_fbacc9d8-1caf-4b7d-b8a5-236eba65291b.png,anime-screenshots/65bd8196-4e04-42a4-8cd0-88f384618a09_bde6cb7d-8ab8-4c6b-aa4c-16da8bc0809e.png,anime-screenshots/09d90795-829b-4e4d-bdd3-ef5521c194d9_7efd4ed1-0aa9-4f74-803e-f996d6320ff6.png,anime-screenshots/e4d7015a-85f0-4ebf-ae1a-9cd7723cdb65_1311b826-41b7-4f70-b161-6b0628467158.png,anime-screenshots/bbf5c643-d54d-47c5-8f1b-11714824aaa6_8d4e2548-9fbe-4a00-b7a0-70f6e652c232.png,anime-screenshots/e5497c8e-5d95-4354-b5e0-c0f1517b27ed_c2d220ff-cbfb-4b67-a8a7-9f237f349eeb.png,anime-screenshots/361fdf4d-175b-46f9-a619-1a983291fff8_b5cb680a-19e5-428f-825c-eab694b45d66.png,anime-screenshots/f25bb376-c0db-45af-a4d0-2b346e375738_3f270fe3-fde0-4950-9cec-c350531f0886.png,anime-screenshots/1b19ad60-7acc-44e4-9111-de3052aa43a2_f0f5ccb8-6341-422e-b534-9b1ff49a3d1c.png,anime-screenshots/4aed43d7-d6ee-469b-b859-3cdcd56c4cd5_cf191f16-bcb0-4dec-8d65-c9bd24b62827.png,anime-screenshots/8828c4ca-12dc-47e6-91a7-7a616fef0fe4_9fee7df3-7fb8-493f-8ab2-960564f805e1.png,anime-screenshots/54740a0e-cb01-4817-baa9-73484f3be325_64477229-a260-4f4d-ba14-acd6218ac5c5.png,anime-screenshots/f52ae8ca-982f-4684-b502-3bf1a6525b3d_b82fb6fa-0b5e-4064-ab9f-af5f5b9d52e5.png,anime-screenshots/72c9eea5-e46e-421f-be71-ebc476c0864e_d0671759-1c5f-4e12-ba0d-5077edf5eeed.png,anime-screenshots/69632e6c-b11c-4836-8b94-5af2265bbd2c_5a7fffa6-fdc3-4cd6-a427-58553232f2f5.png}	kaguya-sama-wa-kokurasetai:-tensai-tachi-no-renai-zunousen-21	5	0
26	2021-12-24 00:00:00+00	2021-12-24 00:00:00+00	9.3	1	1	104	1	2021	5	2	3	Хлопчик Юта та дівчинка Ріка домовляються про весілля після повноліття. Серйозність намірів Ріка підкріплює обручкою, яку дарує Юті. Хлопчик приймає подарунок, підтверджуючи свою згоду на майбутнє. Незабаром Ріка трагічно гине під колесами авто на очах Юти. Відчай вмираючої дівчинки породжує найсильнішого монстра – прокляття, яке стає незримим вартовим Юти і жорстоко карає всіх його кривдників.\n\nНизка незрозумілих НП привертає до хлопчика увагу магічної асоціації, яка передає Юту під нагляд Сатору Годзьо – найсильнішого мага Японії, який викладає у Токійському магічному технікумі. У Юти з'являються нові друзі-однокласники, кожен зі своїм набором дивацтва та здібностей. Нові знання про влаштування магічного світу зароджують надію, що хлопчику вдасться розвіяти прокляття Ріки. Але спочатку потрібно вижити у смертельній сутичці зі випускником технікуму Сугуру Гето, що став на темний бік.\n\nНайсильніший злий маг мав намір отримати Ріку і за допомогою її сили змінити світопорядок. Усіх людей буде знищено, а влада дістанеться лише сильним магам, які підтримують Це. Юта, Сатору Годзе та інші учні не згодні з цими і намагаються зруйнувати похмурий план жорстокого мага.	anime-posters/5710c63a-cef9-4cfe-910a-c9e2c899079e_db551db5-9b8f-41d5-91e0-220ab6a6a069.jpg	{anime-screenshots/64874d01-0cb5-4c5c-82c8-0cc69273398c_7db8af8c-79af-469a-a82a-b1c3b007bad5.jpg,anime-screenshots/bde0e9a7-29f3-4c98-af3f-0c577eaccbb0_3fadbe01-7f67-420f-bbe0-009b28eacf5b.jpg,anime-screenshots/c57a60eb-a419-4f58-8dbb-874de34b9153_d1fb4b32-70bd-4086-9f47-3ee8f7b0f323.jpg,anime-screenshots/7f63f15a-abd9-4ca0-820c-730838ae1de9_1f1546f8-2714-4a7f-a696-1548a23a83a7.jpg,anime-screenshots/aad5177a-56ab-4778-bbb9-149ccab6b297_18e514c8-d68c-4122-b906-312774f37ece.jpg,anime-screenshots/eb1b5674-daee-4917-9027-24f9ecdb1b36_8358d4c5-3dea-4720-9352-263376eaa12f.jpg,anime-screenshots/5be36fb1-2aef-447d-abe9-4c35f37a5176_4b1f8080-6cd3-48aa-bc59-e843ce3a49ff.jpg,anime-screenshots/c701d3ae-af64-43fc-bbc5-ea83220d5f36_a8ee0e3d-d2c2-4981-8032-863a249757f2.jpg,anime-screenshots/2a5dfdae-4910-43fb-9f78-07a70f8acef8_19b235df-c317-4752-b214-07090c4a9605.jpg,anime-screenshots/f07f12aa-89da-4a6b-bb03-6f60f9255d0c_ed543315-acbb-4231-b1f4-617abf25146a.jpg,anime-screenshots/5b09c7ea-c7f6-426a-a620-845bbeb78f0f_36f16d87-a24c-4bc2-b1c3-df55fc2b6672.jpg,anime-screenshots/f63cd0ba-9d92-4594-abfa-f3f99e984b2a_d3db282a-4636-4a53-a6fd-dba0b96691e7.jpg,anime-screenshots/3cbf1816-a4a9-4e13-8832-9687b257b941_672d2f8d-518a-425f-8c03-5773060d4db3.jpg,anime-screenshots/47a9b886-97c1-4322-9841-de925e5de953_7f9c02a9-51d2-47b3-9ae7-72a6bccb9422.jpg,anime-screenshots/56bd4b97-94d5-4780-b1c7-d13b40afff12_f7b04c8f-13b9-46fe-81fb-c5492ff86d8a.jpg,anime-screenshots/13f5b2fc-906d-4193-81d9-508f6a38bc0c_04470f84-e05a-4caf-bff2-534e7bac517d.jpg,anime-screenshots/36e68612-dddc-40fa-9e49-986ced40e341_25009c45-7985-44db-986b-eabd571aa3d1.jpg,anime-screenshots/50e6f10d-8d29-405a-8e35-4ef0f120f177_9ae5f738-aca2-4905-a12c-ec24e1bc760c.jpg,anime-screenshots/2a68d3a5-8702-49d9-aa5b-e88d2d76bf70_2be968be-37e6-41f1-9070-f16561d58cf7.jpg,anime-screenshots/e08c04cd-bb6e-40ef-94b1-9163f5d5b95c_e1854d50-cf8b-4d10-be4c-5b9fe9e2f6d5.jpg}	jujutsu-kaisen-0-movie-26	1	0
22	2020-04-11 00:00:00+00	2020-06-27 00:00:00+00	9.1	12	12	24	2	2020	4	1	3	З вами знову найгордіші закохані у світі: Кагуя Синомія та Міюкі Сірогане! Напруга між членами учнівської ради престижної школи «Сютіїн» наростає. Перший, хто зізнається – програє!	anime-posters/062d933e-2ca0-44ae-a78e-29bf9ede8a8f_55c4bc8d-993b-411a-8da4-e1e83a3c1425.jpg	{anime-screenshots/6c3ef4f6-168a-43b8-864d-7d42b2f1e532_8e33c116-762f-4e05-80a3-f7129a7ad936.jpg,anime-screenshots/eeeec980-53d7-4b8a-b984-a10ee641a3a7_10777a46-136c-4eb1-a2ef-7532a5254ff8.jpg,anime-screenshots/e93e18bc-5ca8-4139-8c57-fc459e7cb7b4_ca8cd3ac-d1b3-4041-b6cb-874ef2befe19.jpg,anime-screenshots/4b3840dd-b718-46b0-bc0e-8a5c4e95dda1_717a098a-d1c4-4969-84a7-6c3451ee9ed1.jpg,anime-screenshots/ff0fedbb-6e2d-4269-a739-6de6cb1abaac_9ac7d78e-0a11-4dd4-a971-aebd3b2297e4.jpg,anime-screenshots/360bd84f-23f8-43cf-90d8-5cd4f37f6e6a_6df92898-8b80-4df7-9041-19ba5401fad4.jpg,anime-screenshots/f98dd832-bab3-439c-b34e-5e923f196c4e_c20ae761-6e36-4314-8f4c-3cf52c3a22f5.jpg,anime-screenshots/0da0b7d3-a672-4ce1-bdce-8c0152cd11b1_e2560aab-5a1f-4040-b4a4-d514ddda0159.jpg,anime-screenshots/ac16c510-42d1-4afc-9e63-7acac0165dc5_df18658c-812a-4ab1-9e62-e84d8a3c8677.jpg,anime-screenshots/121685be-ad6c-4d27-a84f-d19f082e0ceb_25e3308e-aa2c-4eb8-9e24-7cad6cf0d41c.jpg,anime-screenshots/e87f6634-6b6c-4ec2-abaf-d40d2409110b_cb783564-dc94-4b9b-a5ba-f5f0493aa482.jpg,anime-screenshots/3166cce4-1a88-4b4b-afb1-b0c496cf2152_95130a70-104c-4e38-b4dd-2bde493d8081.jpg,anime-screenshots/35f8fcce-e376-4d5e-aab6-a28b97868ed5_04ad959d-b1b2-4139-aafb-ca1168e99c16.jpg,anime-screenshots/c1e4bf82-0597-4780-81f8-5272febf4c6b_3315abc9-4f19-40ae-bcee-1ac642c0a88c.jpg,anime-screenshots/e98f4bbe-ebd9-4d63-9c2d-88ef101a25d3_cc70c20e-01d3-4b07-8780-f0e332d4fd69.jpg,anime-screenshots/21ea3938-63d8-4b51-8d3c-c3cd27e266fb_ebe01091-c52d-407e-9954-f13ca1820cae.jpg,anime-screenshots/700fdb75-a60a-4d40-ae45-0eefa5706164_b5cf97a0-2a91-41ec-8cde-58713ca3a219.jpg,anime-screenshots/407d6be8-7b97-406c-960b-350b1241791b_1aa03547-e3f9-45cf-8cc5-712162a2db5c.jpg,anime-screenshots/a44a5f77-2772-43be-88f9-7ec5f8951324_a047dcb0-a49c-43ae-85af-814fa3a436f2.jpg,anime-screenshots/814da6c9-08a4-42be-8c2b-78bc3bcc011b_c7c8934f-059d-4133-ac7d-256e7466b9bd.jpg}	kaguya-sama-wa-kokurasetai?:-tensai-tachi-no-renai-zunousen-22	5	0
27	2023-07-06 00:00:00+00	2023-12-28 00:00:00+00	9.3	23	23	23	3	2023	5	1	3	2006 рік. Юджі Ітадорі тільки-но виповнилося чотири, а шістнадцятирічний Сатору Годжо на пару з Сугуру Гето вже стали найсильнішими. Викладач Токійського коледжу магії доручає їм двом вкрай важливу місію: в цілості та безпеці доставити до майстра Тенгена старшокласницю на ім'я Ріко Аманай. Дівчинка була обрана ідеальною судиною сили, і настав час майстру злитися з її фізичною оболонкою. Однак недоброзичливці не дрімають, і, щоб перешкодити цьому, звертаються до людини на прізвисько Вбивця магів. Хто ж насправді цей вбивця? Чи вдасться у юних магів виконати свою місію? Про все це ми дізнаємося у другому сезоні «Магічної битви»!\n\nНовий сезон розпочнеться з історії про минуле двох найсильніших магів сучасності Годжо Сатору та Сугуру Гето, а продовжиться аркою в районі Сібуя, в якому прокляття втілять свій план.	anime-posters/97528a51-9b36-4b61-970d-7c8d44e5009a_66c8fb97-3741-40c9-9847-2fa61239588a.jpg	{anime-screenshots/d150910d-8cd4-4ed8-a25a-efd3973e2b28_d81baa2d-b669-46e1-92cf-1905076b8bb6.jpg,anime-screenshots/451619f7-6941-44ed-8d7e-f2821643e34c_16f60c1b-72f3-4afb-aaec-e3d7b733df75.jpg,anime-screenshots/91f4149a-1008-4d75-ba25-ddeee3f0dbc8_681cbb24-68e8-4ddb-b8ed-e1f1b78f708c.jpg,anime-screenshots/84a35ffe-2dbe-4407-87dd-9495e08f62cb_a0b6a99b-cb85-4e51-9c22-997ee9b09126.jpg,anime-screenshots/5c2a8a76-2edb-4599-9f51-32905cca256e_bca84a5d-7ce8-45fe-902e-47a247d3dce0.jpg,anime-screenshots/219e4fa5-0165-489b-b0e2-5445a7b38fb1_a1f693d9-6baa-41e3-991d-752b86533d8c.jpg,anime-screenshots/35133114-1b32-4832-a598-f752a9e5b2b8_0d208719-1873-45b2-b084-4530607f907c.jpg,anime-screenshots/ea124340-7825-4d31-9848-8c05178834fb_48fdfb6d-4c11-4244-a3e5-f05b31c0e8fc.jpg,anime-screenshots/2a65ea4a-4ebd-4c06-bf5d-7ac72aa35dc9_3368a822-be57-4395-b06c-97bdcc4a8559.jpg,anime-screenshots/bfb04550-2a13-4d75-9bb0-0d3823dc8594_4349e5b2-dfe8-41d6-854b-b6482b31ede7.jpg,anime-screenshots/b7a07c73-c76c-4a43-a8ca-49862dabcac0_db954508-fec6-4345-8d6f-2f7a85409937.jpg,anime-screenshots/49c90943-3941-46b7-b4fb-0fd8afb4b572_1ed8eebe-233f-499b-9a97-8b2913e243c4.jpg,anime-screenshots/35fdb6ec-edd1-40bb-baf3-d0e3b558e49d_5eb4a74d-f8e0-4b0e-a9e5-f56547ec0d71.jpg,anime-screenshots/9f17bbee-a489-4045-82fb-af83e1d6428a_0562f49b-bd0f-40ae-8d70-204767e290ba.jpg,anime-screenshots/f97f8d2d-bb7e-4bf9-9988-f1de3448daa2_b3f35297-88eb-4049-8a42-b063c933c488.jpg,anime-screenshots/e2ba6ec5-8b98-4187-9937-40d1caeaa292_0df273d7-89bc-47d6-9bbe-55f676eb94e6.jpg,anime-screenshots/2d79e718-1b46-413f-9c21-6a917991abdc_e64d0861-8b8f-4093-9bda-78f79ab0aeeb.jpg,anime-screenshots/a5c97c2a-001b-484c-b168-eff4f1a58ec6_b4acf23f-63c6-4f67-aff0-6dfdc49ebbe6.jpg,anime-screenshots/0fff4a2e-cde7-42e9-95b1-1085ec69dfb0_50064cb8-c2b0-4d7a-bd4f-a737811657ab.jpg,anime-screenshots/cdc933ba-00b2-4f92-805c-f65368d33372_21a133b1-f728-41b9-94a5-5d306dd96910.jpg,anime-screenshots/7e6536ee-da3a-41fb-b4fc-dbd0be5f7b34_98920e7d-2d21-4869-bce4-e640fdcadbd1.jpg,anime-screenshots/9c66d0d5-0f07-4be2-a7fa-c2d194d36bf0_12743da1-fd3f-4e11-8a82-c3aa8669f79c.jpg,anime-screenshots/cd6a5a67-5f04-4005-9ed6-305b7766ee8d_0d9e1c31-0bd3-4e65-a6a7-5c85f3340670.jpg,anime-screenshots/35fdd03e-5dce-4ba8-90be-ae08d2efa1e5_a424b1e0-1e69-4de1-81b8-23ac71091391.jpg,anime-screenshots/1eb00cc7-6e8a-45f1-b932-0248947f9de1_86b56336-bf90-47c1-ac95-718cf14ce721.jpg,anime-screenshots/49fcbf83-a591-43ef-a92d-e46f7a11d1c1_f2617c09-0aab-4591-b0c6-0621f63b95a8.jpg,anime-screenshots/88d94989-ea46-4445-8391-2e681d6ab201_1552c1f1-dc87-4ca8-965d-41a732b8be65.jpg,anime-screenshots/fefd1778-253b-4b02-8426-c09da11c289f_853d8de2-6f7f-4a58-8672-3f7746f7aab1.jpg}	jujutsu-kaisen-2nd-season-27	1	0
25	2020-10-03 00:00:00+00	2021-03-27 00:00:00+00	9.3	24	24	23	4	2020	5	1	3	Юджи Ітадорі - сильний юнак, який веде пересічне життя старшокласника. Одного разу, щоб урятувати друзів від нападу прокльонів, він з'їдає палець Дволикого привиду, який стає частиною його душі. З цього моменту він ділить із ним своє тіло. Під наглядом Сатору Годзе, одного з найсильніших магів, Ітадорі вступає до магічного технікуму, де вчать боротися з прокльонами.	anime-posters/c9c22f36-7190-400b-987d-76f6d6afde90_e3d80c45-e4f1-4521-ad53-f3c1cb8c84ec.jpg	{anime-screenshots/b159ec39-fea8-43b4-9916-43430e6015f4_c20c70f5-269e-4c8d-a13f-4da5ce12e66a.jpg,anime-screenshots/45df4387-ecbe-4665-81b9-9237ddc2f16a_58b21367-3e8e-4b5b-8c47-cb997d19c2eb.jpg,anime-screenshots/775e9a65-e907-4788-b1e7-84952d87e23c_579e0235-32f1-4a7d-87c9-59bc1521496e.jpg,anime-screenshots/f5bc6878-a409-4697-9ffd-4c9c37012af8_6dbcea8f-04ad-45b1-8717-57e5fecb83b0.jpg,anime-screenshots/053e4888-d412-4d30-b272-b91148117c8a_b3151664-512f-436e-a225-256df79bd068.jpg,anime-screenshots/c328c9ad-a102-44c4-b63c-e6ee247bc736_0ac6b754-e186-4d8f-8f48-28493e4469e7.jpg,anime-screenshots/ce694d7d-3f37-48ca-938b-0e17b49b6855_969277cc-de7a-449f-bb7e-dbde03e71b05.jpg,anime-screenshots/fbfa6592-989c-43fc-a2a0-982f03e77b8a_11961a87-380e-471b-84af-841385edbfe6.jpg,anime-screenshots/e3e9951a-79f3-4216-95a9-195e7f6f60da_73289780-3963-4f50-a5c6-44a8f8025f88.jpg,anime-screenshots/78cc83ff-2ec2-4a73-9793-c743c509b20d_bc72b7a9-9f18-47e2-8d49-cfe0b5e1a69d.jpg}	jujutsu-kaisen-25	1	0
28	2019-04-06 00:00:00+00	2019-09-28 00:00:00+00	9.3	26	26	23	2	2019	5	1	3	Епоха «Тайсе» була сповнена несподіванок. Багато легенд знайшли своє логічне підтвердження у ті роки. Люди давненько почали думати про присутність демонів у гущавині лісу. І ці істоти були вкрай небезпечні та кровожерливі. У нічний час доби вони полювали людей, вбиваючи невинних громадян, демони харчувалися їхньою плоттю. Однак згодом ці легенди почали більше нагадувати казки. Подібних інцидентів у лісах не траплялося, люди перестали вірити. І було це даремно, адже кілька років тому з батьком головного героя Танджиро Камадо сталася неприємність.\n\nТой зник за дивних обставин, а хлопець узяв на себе відповідальність за сім'ю. Коли Танджиро вирушив продавати вугілля, він не думав, що при поверненні додому застане криваву картину. Його родичів було вбито. Сім'я роздерта, і скрізь по будинку видніються сліди крові. Єдина людина, яка залишилася живою, – сестричка головного героя. Вона розповіла про демонів, що прийшли з лісу до їхнього дому. Виявилося, що дівчина була ними звернена і незабаром може стати вбивцею. Герою історії треба стежити за поведінкою сестри та мстити за смерть матері та молодшого братика.	anime-posters/34b8d452-5c1f-4a89-aac7-02f9d9e9e97d_5a0f2046-37af-4949-9efb-cea2f428490f.jpg	{anime-screenshots/f4189f89-3e53-415b-97ec-c8a24b8728e1_0d3fd293-78b4-48ca-9f1d-bb8279a2a310.png,anime-screenshots/3f1935cd-8ead-46fc-b3a6-c62ca666e79e_3e6967e4-7c65-4008-b671-f6213071f5ee.png,anime-screenshots/cec22469-cd7a-476b-a88b-7cd854a9ac47_4cff98a5-3d8a-4c47-9d51-473845b7eab9.png,anime-screenshots/88aebe48-5b77-4361-af0c-8fd300f96ef0_621e2337-ed97-400c-a777-8195f7b0658f.png,anime-screenshots/64065bb1-8be7-4282-8cea-de9d5f39412f_d1ac6a6d-e756-4ace-b7f0-b69fa79e1a4c.png,anime-screenshots/d47fca88-13ad-4f03-a6b9-d1c88d2d453d_01190297-01c5-420f-bde8-57f7729d06b4.png,anime-screenshots/eef4c1a3-ba03-4924-9d7f-f7f7b01f6182_439367fc-b11f-4813-93d5-fdf64a14a0e5.png,anime-screenshots/e5984e47-c605-4250-be12-6aef9d711536_122e0181-0ab7-4924-80a8-42d9b934f51d.png,anime-screenshots/6043239d-1ec7-4493-a7da-047d78fb6189_eeb7f5f7-eaad-4701-addd-41a321e1ba3c.png,anime-screenshots/d52de934-dd5f-4d99-adec-a243fea56ae9_afd0f415-ce68-45a2-a56d-dfcf8b7c46c9.png,anime-screenshots/9a00f41c-5463-42ab-947a-9f18a8a849ea_65db4405-debd-42fd-8381-b4279754e456.png,anime-screenshots/b832135b-ab7c-4c74-86ca-ae3a41f734f3_6b09a9d1-1f45-4d9a-a7fc-a9213642f0da.png,anime-screenshots/97603105-a09b-44c4-8b8c-51926f024c1c_6b5efde7-8646-478a-976b-7d06f4a1319b.png,anime-screenshots/aed56e9b-052c-4e03-b488-1b5defa84590_7c5bee84-666e-4fa6-9df2-0c85def252c2.png,anime-screenshots/0b3b88ac-76f7-4879-81ba-75ee36ae1b37_f2a01744-8b2e-4473-b795-5503cbddabd3.png,anime-screenshots/f799ca11-7710-4baa-9837-a81746603983_92f98344-805e-489d-89c6-04402f9c7dcb.png,anime-screenshots/d30e087f-5bfc-48a6-a318-cba34b32ef96_50d31b48-6b0e-44a5-abad-14c8d95c40d6.png,anime-screenshots/909a2be7-007b-44b8-aec3-6853a008ad3e_85ef0f1c-f196-42ca-904f-c62c20ce8d92.png,anime-screenshots/b55abda1-f874-44ea-b1cc-f35a52a12a6b_d7a2d1e2-7969-47f9-9350-a602d02e3306.png,anime-screenshots/b8305944-398d-48d9-be3c-2eadfd2b1c2f_40f05e3b-534f-4acf-b8f8-fdd958e28929.png,anime-screenshots/cdfef26e-e277-4ce5-ac2f-cdc0b655b423_050b2b08-9504-4198-811b-2afd6ba30c8d.png}	kimetsu-no-yaiba-28	7	0
31	2023-04-09 00:00:00+00	2023-06-18 00:00:00+00	9.1	11	11	28	2	2023	5	1	3	З великими труднощами та втратами загону Танзіро Камадо вдається вижити після битви з демонами у кварталі Червоних ліхтарів. Однак під час бою наш герой неабияк зіпсував свій меч і тепер потребує його заміни. Для обновки спорядження Танзіро разом із сестрою-демоном Недзуко вирушає до селища ковалів, де майстерні майстри зможуть викувати нову катану. За неймовірним збігом у тому селищі вони зустрічають «стовп кохання» на ім'я Міцурі Канродзі, разом з яким був Муітіро Токіто – вічно похмурий «стовп туману». Вони теж прибули до села заради заміни та ремонту зброї.\n\nДівчина знаходиться високо в горах і прихована від очей недоброзичливців. Але мирне життя її мешканців перериває раптове виникнення небезпечних демонів. Танзіро зі своєю сестрою, стовпами та іншими союзниками належить прийняти жорстокий бій із кровожерливими монстрами, які звуться «Дванадцять демонічних місяців». Чи вдасться їм зберегти свої життя і цього разу? Чи зможуть вони набути великої сили і нарешті покласти край демонічній нечисті, що вже багато століть тероризує населення їхньої країни?	anime-posters/83d346c5-924d-4a4c-bddc-b1b2a0c051a2_017b5015-48d9-4eb9-9d98-d04e65526361.jpg	{anime-screenshots/dc9b5fcb-20b4-40a1-afbf-22106a6c8257_f4cdcfce-15d5-43fb-b906-19d9365f19fd.jpg,anime-screenshots/7ed00955-b5bf-43f9-9dc7-dec3edabaa71_ec9526ee-fe3e-4c05-a796-6253aae8eb9c.jpg,anime-screenshots/ea8c6929-90dd-4029-91b0-8b16635c6d57_b923d52d-8b07-41f1-aaae-10d8428923b1.jpg,anime-screenshots/690b7408-fb72-47c8-9b28-ba9c731edaf7_2b8c71e9-cbba-4691-b1b2-0a376c4c394e.jpg,anime-screenshots/936f36c1-8591-4220-b716-527abef27680_0d9ff669-4b7c-4bf6-8b27-bcd2a2197f0d.jpg,anime-screenshots/85368e75-5e21-46a7-84b2-5a6a39715010_648f2b0d-1868-4414-94a0-96ef53b76f12.jpg,anime-screenshots/3e778aac-fbdb-4708-b2e9-a19cfaee9e06_6e3abb34-197a-4690-91fa-1664cba5dbb5.jpg,anime-screenshots/4aa43083-184b-482e-8e09-ae76c3c432a3_bcdd17a5-4b59-42e2-8a18-8542e5dd7a07.jpg,anime-screenshots/3af46063-6a83-4ee2-aa56-e980bc3f5d28_2b5e00de-d797-4f9b-9de7-f5bce372a053.jpg,anime-screenshots/d2161acc-a5a7-4434-ae0a-029052c75233_4adecad1-5bff-48b9-a4a8-940917938379.jpg,anime-screenshots/b62ea2fc-f144-4e03-9117-41461f603286_5b4578b7-2149-49c7-a4a0-f43811d46ee9.jpg,anime-screenshots/463d2fdf-8d3f-44a9-b521-8ae064bdd06e_3ac472f3-e4d9-4d71-af52-a32a06873503.jpg,anime-screenshots/62759a89-dc7a-4ea3-a1bd-6fa3c8dff05d_b0a43df8-7770-49f7-ad20-9f6e47f3a53f.jpg,anime-screenshots/c42364d1-e8a4-4573-9c8e-86d6e59ce806_e033d02e-2ee3-43a0-bd22-efea33db7e8a.jpg,anime-screenshots/288127f6-9dc5-4d30-9aea-b71a296e9ef0_85224f4c-bc61-45e7-a264-84b91005f048.jpg,anime-screenshots/f992d387-47cd-404c-bb2a-6fc93fc5e180_8cb873b6-71f6-4392-ab4a-5a58ef94fefb.jpg,anime-screenshots/3898c9e4-91f9-46b4-85fd-c7ed7b7e78b6_1b50c873-e5a1-400b-b782-a1c5e902a09b.jpg}	kimetsu-no-yaiba:-katanakaji-no-sato-hen-31	7	0
30	2021-12-05 00:00:00+00	2022-02-13 00:00:00+00	9.4	11	11	25	1	2021	5	1	3	Продовження пригод Тандзіро та його незмінних супутників: сестри-демона Недзуко, що вічно ниє Деніцу і шибениці Іносуке. Цього разу «стовп звуку» Тенген Удзуї бере їх із собою на завдання до Кварталу червоних ліхтарів, де останнім часом стали пропадати люди. Причиною цього служать демони. То хто ж стоїть за всіма зникненнями, і чи зможуть наші герої впоратися з ним?	anime-posters/74ea9fed-4bb2-4b80-922d-b3b95841f323_235363c8-92bc-41e8-8d77-9c86af4948af.jpg	{anime-screenshots/c32a1a1a-e70f-468b-9590-59e46b79ac4c_2a56db30-c89c-4b23-9081-8cc298c9adcd.jpg,anime-screenshots/b74728d4-675f-45c7-aeea-0ebfeaaa0237_be7c55a4-8bd0-4ac5-8421-9833148df7a7.jpg,anime-screenshots/4ee05f34-5ab7-48ee-a55a-049df25b184e_dedc515d-c027-4f2a-8ba7-6ac2444d89cf.jpg,anime-screenshots/ad9f2f15-97fc-4038-9ffd-13d2060cb153_2758f2c8-ec94-4b65-b2c0-114d075ab187.jpg,anime-screenshots/e339d6f9-4f4c-42ec-8fab-9468f8de2b3f_79f68e6f-25fc-493b-9a84-db140613d645.jpg,anime-screenshots/21965352-9298-4ec9-93a3-5efba7c305af_4c8383bc-593e-4cec-b40b-90f6e2d73b99.jpg,anime-screenshots/0883b807-4f93-4af5-8530-9ee6870ae435_4ca33aed-b99e-41de-ac8d-dadf2cbc6a20.jpg,anime-screenshots/338858f1-9930-4a10-bca2-1f0b091d542d_c2eccc14-fe45-47e8-acf9-971fb1d41f2f.jpg,anime-screenshots/e2144f81-18e5-414e-844b-4fcc88558cd1_e024cd2b-a4bb-4358-a5e9-a7293d8d1713.jpg,anime-screenshots/ea2ce980-0738-4f07-9358-39402df84a26_d4496818-4e7e-4c06-b436-038d6f41a2ae.jpg,anime-screenshots/33826ba2-57ac-4379-9950-cba3bb8a3fdf_51f18f72-1dd3-4f96-88aa-d4c13a5fde4c.jpg,anime-screenshots/2693f2c2-5985-4f02-bc79-85199bf55b68_7366f8b1-1e83-43f7-ab41-37faf5656f7e.jpg,anime-screenshots/19b918c9-0f77-4b50-88df-4bda4ec82fd8_eeae49f8-d29d-464d-9224-eea6ec6b6acf.jpg,anime-screenshots/a2dee9f2-121b-4c98-9238-35e1ec20c6e2_461b0046-8d76-4679-9200-d143d17f329f.jpg,anime-screenshots/c2f637dc-92a1-4023-a2d9-d7e44abea74c_db53c68a-c672-4388-9185-da405e5eaa75.jpg,anime-screenshots/94c5ae9a-d7a7-4c73-87ef-0aa3891a1391_fb5f2d22-71d4-48f1-becc-9647cd78c91d.jpg,anime-screenshots/22e44979-0bb9-4b2c-8a4e-0f537553980c_0eebe976-6fc2-4dcf-8aa0-5b06527ea300.jpg}	kimetsu-no-yaiba:-yuukaku-hen-30	7	0
32	2020-03-21 00:00:00+00	2023-03-22 00:00:00+00	9.5	12	10	23	2	2020	4	2	1	Тестовий опис	anime-posters/0ee6dd52-dfb6-4b89-801d-0e9ad07e977f_o-o.jpg	{anime-screenshots/80d385ad-565b-4807-b899-56713ec022f6_monolog2screen1.jpg,anime-screenshots/dd35497f-0ef8-4004-a65b-c1dfad3c132f_monolog2screen2.jpg,anime-screenshots/8856631f-1a34-42c7-8931-f2839878137a_monolog2screen3.jpg}	testove-anime-32	1	0
\.


--
-- Data for Name: Genres; Type: TABLE DATA; Schema: public; Owner: postgres
--

COPY public."Genres" ("Id", "NameEn", "NameUa", "NameRu") FROM stdin;
1	Madness	Безумство	Безумие
5	Harem	Гарем	Гарем
6	Demons	Демони	Демоны
7	Detective	Детектив	Детектив
8	Children	Дитяче	Детское
9	Josei	Дзьосей	Дзёсэй
10	Drama	Драма	Драма
11	Games	Ігри	Игры
12	Historical	Історичний	Исторический
13	Isekai	Ісекай	Исэкай
14	Comedy	Комедія	Комедия
15	Space	Космос	Космос
16	Magic	Магія	Магия
17	Vehicles	Машини	Машины
18	Mecha	Меха	Меха
19	Music	Музика	Музыка
20	Parody	Пародія	Пародия
21	Slice of Life	Повсякденність	Повседневность
22	Police	Поліція	Полиция
23	Adventure	Пригоди	Приключения
24	Psychological	Психологічне	Психологическое
25	Romance	Романтика	Романтика
26	Samurai	Самураї	Самураи
27	Supernatural	Надприродне	Сверхъестественное
28	Shoujo	Сьодзьо	Сёдзё
29	Shounen	Сьонен	Сёнэн
30	Sports	Спорт	Спорт
31	Super Power	Суперсила	Супер сила
32	Seinen	Сейнен	Сэйнэн
33	Thriller	Трилер	Триллер
34	Horror	Жахи	Ужасы
35	Science Fiction	Фантастика	Фантастика
36	Fantasy	Фентезі	Фэнтези
37	School	Школа	Школа
38	Action	Екшен	Экшен
39	Ecchi	Етті	Этти
2	Martial Arts	Бойові мистецтва	Боевые искусства
4	Military	Військове	Военное
41	Test	Тест	\N
3	Vampires	Вампіри	Вампиры
\.


--
-- Data for Name: Studios; Type: TABLE DATA; Schema: public; Owner: postgres
--

COPY public."Studios" ("Id", "Name", "Description", "PosterFileName") FROM stdin;
1	MAPPA	MAPPA Co., Ltd. (яп. MAPPA Кабусики-гайся MAPPA) — японська анімаційна студія, створена 14 червня 2011 року Масао Маруямою, творцем і колишнім продюсером студії Madhouse.  MAPPA - це акронім, що розшифровується як Maruyama Animation Produce Project Association. У квітні 2016 року Маруяма відмовився від своєї посади, заснувавши нову студію, Studio M2.	studio-posters/a55b6914-10ee-4938-9083-296ce4ec7c2f_569.png
7	ufotable	ufotable, Inc. (Яп. Eufor Table Co., Ltd. ю:фо:те:буру ю:ген гайся) — японська аніме-студія, заснована в жовтні 2000 року колишніми співробітниками підрозділу Telecom Animation Film компанії TMS Entertainment і розташована в Накано, Префектура Токіо.	studio-posters/7c7f8ae3-0c4b-42ac-a6b8-929e7238e54b_Ufotable_logo.svg.png
3	Wit Studio	Wit Studio, Inc. (Японська: company Wit Studio Kabushiki-gaisha Witto Sutajio) - японська анімаційна студія, заснована 1 червня 2012 року продюсерами Production IG як дочірня компанія IG Port. Штаб-квартира студії знаходиться в Мусасіно, у столичному регіоні Токіо. Президентом компанії є Джордж Вада, а директором - Тецуя Накатаке. Студія здобула популярність завдяки виробництву перших трьох сезонів «Атаки Титанів», а також інших аніме-серіалів, таких як «Наречена чарівниця», «Сага про Вінланд», «Осама Ранкінг» та «Сім'я шпигуна».	studio-posters/a818378c-0cbc-4a72-aff4-99cde4283bd1_Wit_studio.svg
2	Oriental Light and Magic	OLM, Inc. (яп. 株式会社 オー・エル・エム Kabushiki-gaisha Ōeruemu), що раніше називалася Oriental Light and Magic, — японська студія з виробництва фільмів та аніме, заснована в червні 1994 року. Вона особливо відома створенням фільмів та аніме-серіалів про покемонів. Штаб-квартира студії знаходиться в Сетагая, Токіо.	studio-posters/80630c08-3b48-4874-80a1-4249842f4568_b4e346_993b08c9096745c98b01520bf539c62a~mv2.png
5	A-1 Pictures Inc.	A-1 Pictures, Inc. (яп. A-1 Pictures, Хепберн: Kabushiki-gaisha Ē-wan Pikuchāzu) — японська анімаційна студія та продюсерська компанія, заснована колишнім продюсером Sunrise Мікіхіро Іватою. Вона є дочірньою компанією аніме-компанії Aniplex, що належить Sony Music Entertainment Japan.	studio-posters/3418691a-f3df-4f7d-902d-937f74e24cb1_images.png
6	TMS Entertainment	TMS Entertainment Co., Ltd. (Komuki-gaisha Tomusu Entateinmento), раніше відома як Kyokuichi Corporation - японська анімаційна студія, що належить Sega Corporation, розташована в Накано, Токіо, зі своїми офісами. в Накано та її студії в Тюо.	studio-posters/e0b401b2-cd97-4267-b870-885e9ab15402_TMS_Entertainment_logo_2.svg.png
\.


--
-- Data for Name: UserAnimes; Type: TABLE DATA; Schema: public; Owner: postgres
--

COPY public."UserAnimes" ("UserId", "AnimeId", "MyList", "Rating", "UpdatedAt") FROM stdin;
\.


--
-- Data for Name: Users; Type: TABLE DATA; Schema: public; Owner: postgres
--

COPY public."Users" ("Id", "Nickname", "Email", "PasswordHash", "Role", "AvatarFileName", "DateOfRegistration", "Theme") FROM stdin;
1	Ephtianura	koctiamancurov@gmail.com	$2a$11$7PfxfayMF0il4mPL0Pb5FO3Kl04YQstg0brEn68osQDKLnfuJjvzy	2	user-avatars/6a83fa47-6701-4eaa-991b-70d2d79a6f8d_68857a15d4cad221851218.jpg	2025-11-23 01:13:46.688369+00	0
\.


--
-- Data for Name: __EFMigrationsHistory; Type: TABLE DATA; Schema: public; Owner: postgres
--

COPY public."__EFMigrationsHistory" ("MigrationId", "ProductVersion") FROM stdin;
20251116193745_init	9.0.10
20251116210229_addRelated	9.0.10
20251122221158_addUserAnime	9.0.10
20251123141233_addTotalScores	9.0.10
\.


--
-- Name: AnimeTitles_Id_seq; Type: SEQUENCE SET; Schema: public; Owner: postgres
--

SELECT pg_catalog.setval('public."AnimeTitles_Id_seq"', 722, true);


--
-- Name: Animes_Id_seq; Type: SEQUENCE SET; Schema: public; Owner: postgres
--

SELECT pg_catalog.setval('public."Animes_Id_seq"', 32, true);


--
-- Name: Genres_Id_seq; Type: SEQUENCE SET; Schema: public; Owner: postgres
--

SELECT pg_catalog.setval('public."Genres_Id_seq"', 43, true);


--
-- Name: Studios_Id_seq; Type: SEQUENCE SET; Schema: public; Owner: postgres
--

SELECT pg_catalog.setval('public."Studios_Id_seq"', 8, true);


--
-- Name: Users_Id_seq; Type: SEQUENCE SET; Schema: public; Owner: postgres
--

SELECT pg_catalog.setval('public."Users_Id_seq"', 1, true);


--
-- Name: AnimeGenres PK_AnimeGenres; Type: CONSTRAINT; Schema: public; Owner: postgres
--

ALTER TABLE ONLY public."AnimeGenres"
    ADD CONSTRAINT "PK_AnimeGenres" PRIMARY KEY ("AnimeId", "GenreId");


--
-- Name: AnimeRelateds PK_AnimeRelateds; Type: CONSTRAINT; Schema: public; Owner: postgres
--

ALTER TABLE ONLY public."AnimeRelateds"
    ADD CONSTRAINT "PK_AnimeRelateds" PRIMARY KEY ("AnimeId", "RelatedAnimeId");


--
-- Name: AnimeTitles PK_AnimeTitles; Type: CONSTRAINT; Schema: public; Owner: postgres
--

ALTER TABLE ONLY public."AnimeTitles"
    ADD CONSTRAINT "PK_AnimeTitles" PRIMARY KEY ("Id");


--
-- Name: Animes PK_Animes; Type: CONSTRAINT; Schema: public; Owner: postgres
--

ALTER TABLE ONLY public."Animes"
    ADD CONSTRAINT "PK_Animes" PRIMARY KEY ("Id");


--
-- Name: Genres PK_Genres; Type: CONSTRAINT; Schema: public; Owner: postgres
--

ALTER TABLE ONLY public."Genres"
    ADD CONSTRAINT "PK_Genres" PRIMARY KEY ("Id");


--
-- Name: Studios PK_Studios; Type: CONSTRAINT; Schema: public; Owner: postgres
--

ALTER TABLE ONLY public."Studios"
    ADD CONSTRAINT "PK_Studios" PRIMARY KEY ("Id");


--
-- Name: UserAnimes PK_UserAnimes; Type: CONSTRAINT; Schema: public; Owner: postgres
--

ALTER TABLE ONLY public."UserAnimes"
    ADD CONSTRAINT "PK_UserAnimes" PRIMARY KEY ("UserId", "AnimeId");


--
-- Name: Users PK_Users; Type: CONSTRAINT; Schema: public; Owner: postgres
--

ALTER TABLE ONLY public."Users"
    ADD CONSTRAINT "PK_Users" PRIMARY KEY ("Id");


--
-- Name: __EFMigrationsHistory PK___EFMigrationsHistory; Type: CONSTRAINT; Schema: public; Owner: postgres
--

ALTER TABLE ONLY public."__EFMigrationsHistory"
    ADD CONSTRAINT "PK___EFMigrationsHistory" PRIMARY KEY ("MigrationId");


--
-- Name: IX_AnimeGenres_GenreId; Type: INDEX; Schema: public; Owner: postgres
--

CREATE INDEX "IX_AnimeGenres_GenreId" ON public."AnimeGenres" USING btree ("GenreId");


--
-- Name: IX_AnimeRelateds_RelatedAnimeId; Type: INDEX; Schema: public; Owner: postgres
--

CREATE INDEX "IX_AnimeRelateds_RelatedAnimeId" ON public."AnimeRelateds" USING btree ("RelatedAnimeId");


--
-- Name: IX_AnimeTitles_AnimeId; Type: INDEX; Schema: public; Owner: postgres
--

CREATE INDEX "IX_AnimeTitles_AnimeId" ON public."AnimeTitles" USING btree ("AnimeId");


--
-- Name: IX_Animes_StudiosId; Type: INDEX; Schema: public; Owner: postgres
--

CREATE INDEX "IX_Animes_StudiosId" ON public."Animes" USING btree ("StudiosId");


--
-- Name: IX_UserAnimes_AnimeId; Type: INDEX; Schema: public; Owner: postgres
--

CREATE INDEX "IX_UserAnimes_AnimeId" ON public."UserAnimes" USING btree ("AnimeId");


--
-- Name: IX_UserAnimes_MyList; Type: INDEX; Schema: public; Owner: postgres
--

CREATE INDEX "IX_UserAnimes_MyList" ON public."UserAnimes" USING btree ("MyList");


--
-- Name: IX_UserAnimes_Rating; Type: INDEX; Schema: public; Owner: postgres
--

CREATE INDEX "IX_UserAnimes_Rating" ON public."UserAnimes" USING btree ("Rating");


--
-- Name: AnimeGenres FK_AnimeGenres_Animes_AnimeId; Type: FK CONSTRAINT; Schema: public; Owner: postgres
--

ALTER TABLE ONLY public."AnimeGenres"
    ADD CONSTRAINT "FK_AnimeGenres_Animes_AnimeId" FOREIGN KEY ("AnimeId") REFERENCES public."Animes"("Id") ON DELETE CASCADE;


--
-- Name: AnimeGenres FK_AnimeGenres_Genres_GenreId; Type: FK CONSTRAINT; Schema: public; Owner: postgres
--

ALTER TABLE ONLY public."AnimeGenres"
    ADD CONSTRAINT "FK_AnimeGenres_Genres_GenreId" FOREIGN KEY ("GenreId") REFERENCES public."Genres"("Id") ON DELETE CASCADE;


--
-- Name: AnimeRelateds FK_AnimeRelateds_Animes_AnimeId; Type: FK CONSTRAINT; Schema: public; Owner: postgres
--

ALTER TABLE ONLY public."AnimeRelateds"
    ADD CONSTRAINT "FK_AnimeRelateds_Animes_AnimeId" FOREIGN KEY ("AnimeId") REFERENCES public."Animes"("Id") ON DELETE CASCADE;


--
-- Name: AnimeRelateds FK_AnimeRelateds_Animes_RelatedAnimeId; Type: FK CONSTRAINT; Schema: public; Owner: postgres
--

ALTER TABLE ONLY public."AnimeRelateds"
    ADD CONSTRAINT "FK_AnimeRelateds_Animes_RelatedAnimeId" FOREIGN KEY ("RelatedAnimeId") REFERENCES public."Animes"("Id") ON DELETE RESTRICT;


--
-- Name: AnimeTitles FK_AnimeTitles_Animes_AnimeId; Type: FK CONSTRAINT; Schema: public; Owner: postgres
--

ALTER TABLE ONLY public."AnimeTitles"
    ADD CONSTRAINT "FK_AnimeTitles_Animes_AnimeId" FOREIGN KEY ("AnimeId") REFERENCES public."Animes"("Id") ON DELETE CASCADE;


--
-- Name: Animes FK_Animes_Studios_StudiosId; Type: FK CONSTRAINT; Schema: public; Owner: postgres
--

ALTER TABLE ONLY public."Animes"
    ADD CONSTRAINT "FK_Animes_Studios_StudiosId" FOREIGN KEY ("StudiosId") REFERENCES public."Studios"("Id") ON DELETE SET NULL;


--
-- Name: UserAnimes FK_UserAnimes_Animes_AnimeId; Type: FK CONSTRAINT; Schema: public; Owner: postgres
--

ALTER TABLE ONLY public."UserAnimes"
    ADD CONSTRAINT "FK_UserAnimes_Animes_AnimeId" FOREIGN KEY ("AnimeId") REFERENCES public."Animes"("Id") ON DELETE CASCADE;


--
-- Name: UserAnimes FK_UserAnimes_Users_UserId; Type: FK CONSTRAINT; Schema: public; Owner: postgres
--

ALTER TABLE ONLY public."UserAnimes"
    ADD CONSTRAINT "FK_UserAnimes_Users_UserId" FOREIGN KEY ("UserId") REFERENCES public."Users"("Id") ON DELETE CASCADE;


--
-- PostgreSQL database dump complete
--

\unrestrict 9EHyKiBXFEptiHZkYCRJH6FipNMt0GwebARBA2paFmukrKPW125Ol54N53vQgjC

